﻿<?xml version="1.0" encoding="utf-8"?>
<deployment>
  <id>fa187328-f185-45b4-959a-ce322a65186b</id>
  <author>N/A</author>
  <deployer>OneDeploy</deployer>
  <authorEmail>N/A</authorEmail>
  <message>OneDeploy</message>
  <progress></progress>
  <status>Success</status>
  <statusText></statusText>
  <lastSuccessEndTime>2025-11-26T06:08:38.1679912Z</lastSuccessEndTime>
  <receivedTime>2025-11-26T06:08:21.80011Z</receivedTime>
  <startTime>2025-11-26T06:08:23.1580399Z</startTime>
  <endTime>2025-11-26T06:08:38.1679912Z</endTime>
  <complete>True</complete>
  <is_temp>False</is_temp>
  <is_readonly>True</is_readonly>
  <buildSummary />
</deployment>