﻿<?xml version="1.0" encoding="utf-8"?>
<deployment>
  <id>fd853029-f447-4f8a-aa45-c776b5b32cb9</id>
  <author>N/A</author>
  <deployer>OneDeploy</deployer>
  <authorEmail>N/A</authorEmail>
  <message>OneDeploy</message>
  <progress></progress>
  <status>Success</status>
  <statusText></statusText>
  <lastSuccessEndTime>2025-11-14T03:29:08.2501238Z</lastSuccessEndTime>
  <receivedTime>2025-11-14T03:28:31.9201836Z</receivedTime>
  <startTime>2025-11-14T03:28:33.2951247Z</startTime>
  <endTime>2025-11-14T03:29:08.2501238Z</endTime>
  <complete>True</complete>
  <is_temp>False</is_temp>
  <is_readonly>True</is_readonly>
  <buildSummary />
</deployment>