﻿<?xml version="1.0" encoding="utf-8"?>
<deployment>
  <id>f61c6111-c867-4fc0-adef-7ef17a333b48</id>
  <author>N/A</author>
  <deployer>OneDeploy</deployer>
  <authorEmail>N/A</authorEmail>
  <message>OneDeploy</message>
  <progress></progress>
  <status>Success</status>
  <statusText></statusText>
  <lastSuccessEndTime>2025-11-14T03:34:00.1255583Z</lastSuccessEndTime>
  <receivedTime>2025-11-14T03:33:36.9131866Z</receivedTime>
  <startTime>2025-11-14T03:33:38.2732786Z</startTime>
  <endTime>2025-11-14T03:34:00.1255583Z</endTime>
  <complete>True</complete>
  <is_temp>False</is_temp>
  <is_readonly>True</is_readonly>
  <buildSummary />
</deployment>