﻿<?xml version="1.0" encoding="utf-8"?>
<deployment>
  <id>73e25ba5-a18a-4a0f-9a96-b8314a227f74</id>
  <author>N/A</author>
  <deployer>OneDeploy</deployer>
  <authorEmail>N/A</authorEmail>
  <message>OneDeploy</message>
  <progress></progress>
  <status>Success</status>
  <statusText></statusText>
  <lastSuccessEndTime>2025-11-14T16:38:25.0566925Z</lastSuccessEndTime>
  <receivedTime>2025-11-14T16:37:59.61888Z</receivedTime>
  <startTime>2025-11-14T16:38:00.9746477Z</startTime>
  <endTime>2025-11-14T16:38:25.0566925Z</endTime>
  <complete>True</complete>
  <is_temp>False</is_temp>
  <is_readonly>True</is_readonly>
  <buildSummary />
</deployment>