﻿<?xml version="1.0" encoding="utf-8"?>
<deployment>
  <id>539fdc13-797a-439b-95b5-69afae4b9b0a</id>
  <author>N/A</author>
  <deployer>OneDeploy</deployer>
  <authorEmail>N/A</authorEmail>
  <message>OneDeploy</message>
  <progress></progress>
  <status>Success</status>
  <statusText></statusText>
  <lastSuccessEndTime>2025-11-26T03:56:10.5232095Z</lastSuccessEndTime>
  <receivedTime>2025-11-26T03:55:48.7979659Z</receivedTime>
  <startTime>2025-11-26T03:55:50.1535169Z</startTime>
  <endTime>2025-11-26T03:56:10.5232095Z</endTime>
  <complete>True</complete>
  <is_temp>False</is_temp>
  <is_readonly>True</is_readonly>
  <buildSummary />
</deployment>