﻿<?xml version="1.0" encoding="utf-8"?>
<deployment>
  <id>90493788-dd23-43e0-868c-cc8a7b7c6ffd</id>
  <author>N/A</author>
  <deployer>OneDeploy</deployer>
  <authorEmail>N/A</authorEmail>
  <message>OneDeploy</message>
  <progress></progress>
  <status>Success</status>
  <statusText></statusText>
  <lastSuccessEndTime>2025-11-26T06:18:41.6794946Z</lastSuccessEndTime>
  <receivedTime>2025-11-26T06:18:20.9410377Z</receivedTime>
  <startTime>2025-11-26T06:18:22.2930387Z</startTime>
  <endTime>2025-11-26T06:18:41.6794946Z</endTime>
  <complete>True</complete>
  <is_temp>False</is_temp>
  <is_readonly>True</is_readonly>
  <buildSummary />
</deployment>