﻿<?xml version="1.0" encoding="utf-8"?>
<deployment>
  <id>047c0a6b-2ace-4f6b-aeac-158652bd21a1</id>
  <author>N/A</author>
  <deployer>OneDeploy</deployer>
  <authorEmail>N/A</authorEmail>
  <message>OneDeploy</message>
  <progress></progress>
  <status>Failed</status>
  <statusText>Deployment has been stopped due to SCM container restart. The restart can happen due to a management operation on site. Do not perform a management operation and a deployment operation in quick succession. Adding a small delay can help avoid any conflicts.</statusText>
  <lastSuccessEndTime />
  <receivedTime>2025-12-11T18:41:10.2356037Z</receivedTime>
  <startTime>2025-12-11T18:41:13.5944792Z</startTime>
  <endTime>2025-12-11T18:42:24.9045896Z</endTime>
  <complete>True</complete>
  <is_temp>False</is_temp>
  <is_readonly>True</is_readonly>
  <buildSummary />
</deployment>