﻿<?xml version="1.0" encoding="utf-8"?>
<deployment>
  <id>c810771b-0d95-46a3-b335-36044e9c3597</id>
  <author>N/A</author>
  <deployer>OneDeploy</deployer>
  <authorEmail>N/A</authorEmail>
  <message>OneDeploy</message>
  <progress></progress>
  <status>Success</status>
  <statusText></statusText>
  <lastSuccessEndTime>2025-11-14T20:18:10.089596Z</lastSuccessEndTime>
  <receivedTime>2025-11-14T20:17:54.1150218Z</receivedTime>
  <startTime>2025-11-14T20:17:55.5494575Z</startTime>
  <endTime>2025-11-14T20:18:10.089596Z</endTime>
  <complete>True</complete>
  <is_temp>False</is_temp>
  <is_readonly>True</is_readonly>
  <buildSummary />
</deployment>