﻿<?xml version="1.0" encoding="utf-8"?>
<deployment>
  <id>39a143f2-f976-48c1-9db5-3e7b62aea2a1</id>
  <author>N/A</author>
  <deployer>Push-Deployer</deployer>
  <authorEmail>N/A</authorEmail>
  <message>Created via a push deployment</message>
  <progress></progress>
  <status>Success</status>
  <statusText></statusText>
  <lastSuccessEndTime>2025-11-26T05:51:04.8472858Z</lastSuccessEndTime>
  <receivedTime>2025-11-26T05:50:18.8306387Z</receivedTime>
  <startTime>2025-11-26T05:50:20.6841799Z</startTime>
  <endTime>2025-11-26T05:51:04.8472858Z</endTime>
  <complete>True</complete>
  <is_temp>False</is_temp>
  <is_readonly>True</is_readonly>
  <buildSummary />
</deployment>