﻿<?xml version="1.0" encoding="utf-8"?>
<deployment>
  <id>74ad41f3-e89f-42d8-9dd1-dd577ae88b60</id>
  <author>N/A</author>
  <deployer>OneDeploy</deployer>
  <authorEmail>N/A</authorEmail>
  <message>OneDeploy</message>
  <progress></progress>
  <status>Success</status>
  <statusText></statusText>
  <lastSuccessEndTime>2025-11-14T03:20:33.305759Z</lastSuccessEndTime>
  <receivedTime>2025-11-14T03:20:12.6673516Z</receivedTime>
  <startTime>2025-11-14T03:20:13.9860488Z</startTime>
  <endTime>2025-11-14T03:20:33.305759Z</endTime>
  <complete>True</complete>
  <is_temp>False</is_temp>
  <is_readonly>True</is_readonly>
  <buildSummary />
</deployment>