<step title="Incoming Request" date="2025-11-13T22:43:16.142" instance="5837db" url="/api/publish?type=zip&amp;async=True" method="POST" type="request" pid="841,1,7" Accept="*/*" Host="app-helwa-platform.scm.azurewebsites.net" User-Agent="AZURECLI/2.76.0 (HOMEBREW)" Accept-Encoding="gzip, deflate" Authorization="Bea..." Cache-Control="no-cache" Content-Type="application/octet-stream" Cookie="ARRAffinity=5837dbf0cd93da7124a4888a3302cb855513c4227a93adf2094b4463a5227ab6; ARRAffinitySameSite=5837dbf0cd93da7124a4888a3302cb855513c4227a93adf2094b4463a5227ab6" Content-Length="118302336" x-ms-client-request-id="1e94cf38-c0e2-11f0-a1b8-3668d694405d" x-ms-artifact-checksum="b0385ef81719f91f02b5d5b6f23537c2d029d487d09ca49014cfc49db754405c" X-ARR-LOG-ID="1e94cf38-c0e2-11f0-a1b8-3668d694405d" CLIENT-IP="128.195.95.17:1537" X-SITE-DEPLOYMENT-ID="app-helwa-platform" WAS-DEFAULT-HOSTNAME="app-helwa-platform.scm.azurewebsites.net" X-Forwarded-Proto="https" X-AppService-Proto="https" X-Forwarded-TlsVersion="1.3" X-WAWS-Unencoded-URL="/api/publish?type=zip&amp;async=True" X-Client-IP="128.195.95.17" X-Client-Port="1537" >
  <step title="OneDeploy" date="2025-11-13T22:43:16.278" >
    <step title="None repository commit" date="2025-11-13T22:43:16.292" >
      <step title="Commit id: 3a8ad571-0c95-42d7-a458-4021921e3134" date="2025-11-13T22:43:16.295" Message="N/A" AuthorName="N/A" AuthorEmail="N/A" /><!-- duration: 2ms -->
    </step><!-- duration: 7ms -->
    <step title="Starting PushDeployAsync" date="2025-11-13T22:43:16.301" /><!-- duration: 2ms -->
    <step title="Removing node_modules symlink" date="2025-11-13T22:43:16.342" >
      <step title="Removing _del_node_modules symlink" date="2025-11-13T22:43:16.760" >
        <step title="Writing artifact to /tmp/zipdeploy/a63d1736-4bf9-4d9b-86ef-74fad5d55a7e.zip" date="2025-11-13T22:43:16.899" >
          <step title="Writing multipart request body to /tmp/zipdeploy/a63d1736-4bf9-4d9b-86ef-74fad5d55a7e.zip" date="2025-11-13T22:43:16.908" /><!-- duration: 11ms -->
        </step><!-- duration: 16669ms -->
        <step title="Start deployment in the background" date="2025-11-13T22:43:33.686" >
          <step title="Acquiring Deployment Lock" date="2025-11-13T22:43:33.804" /><!-- duration: 12ms -->
          <step title="Acquired Deployment Lock" date="2025-11-13T22:43:33.954" /><!-- duration: 3ms -->
        </step><!-- duration: 398ms -->
      </step><!-- duration: 17340ms -->
      <step title="Outgoing response" date="2025-11-13T22:43:34.127" type="response" statusCode="202" statusText="Accepted" /><!-- duration: 7ms -->
    </step><!-- duration: 17794ms -->
