<step title="BackgroundTrace" date="2025-11-26T06:08:16.411" instance="5837db" url="/api/publish" method="POST" >
  <step title="Cleanup Xml Logs" date="2025-11-26T06:08:16.424" /><!-- duration: 5ms -->
  <step title="Creating temporary deployment - FetchDeploymentManager" date="2025-11-26T06:08:16.535" /><!-- duration: 5ms -->
  <step title="Creating temporary deployment" date="2025-11-26T06:08:16.544" /><!-- duration: 53ms -->
  <step title="Performing fetch based deployment" date="2025-11-26T06:08:16.632" >
    <step title="Cleaning up temp folders from previous zip deployments and extracting pushed zip file /tmp/zipdeploy/be744ed7-dd4a-4ef6-b540-7fcf957feb80.zip (30.44 MB) to /tmp/zipdeploy/extracted" date="2025-11-26T06:08:17.824" >
      <step title="ChmodRecursive Process exited with total time taken in ms: 84" date="2025-11-26T06:08:19.325" /><!-- duration: 10ms -->
    </step><!-- duration: 1514ms -->
    <step title="Deployment timer started" date="2025-11-26T06:08:21.368" >
      <step title="DeploymentManager.Deploy(id:fa187328-f185-45b4-959a-ce322a65186b)" date="2025-11-26T06:08:21.399" >
        <step title="Collecting changeset information" date="2025-11-26T06:08:21.429" /><!-- duration: 427ms -->
        <step title="Updating submodules" date="2025-11-26T06:08:21.863" /><!-- duration: 1134ms -->
        <step title="Determining deployment builder" date="2025-11-26T06:08:23.230" >
          <step title="Builder is OneDeployBuilder" date="2025-11-26T06:08:23.254" /><!-- duration: 9ms -->
        </step><!-- duration: 37ms -->
        <step title="PreDeployment: context.CleanOutputPath False" date="2025-11-26T06:08:23.325" >
          <step title="PreDeployment: context.OutputPath /home/site/wwwroot" date="2025-11-26T06:08:23.434" >
            <step title="Building" date="2025-11-26T06:08:23.560" >
              <step title="Executing external process" date="2025-11-26T06:08:24.047" type="process" path="starter.sh" arguments="/opt/Kudu/Scripts/parallel_rsync.sh /tmp/zipdeploy/extracted /home/site/wwwroot 8 /tmp/ False False  " /><!-- duration: 13215ms -->
              <step title="Modified file to trigger a restart of the app container." date="2025-11-26T06:08:37.641" /><!-- duration: 9ms -->
              <step title="Skip function trigger and logicapp sync because function is not enabled." date="2025-11-26T06:08:37.655" /><!-- duration: 43ms -->
              <step title="Purge deployment items" date="2025-11-26T06:08:38.944" >
                <step title="Remove 87161781-, Failed, received at 11/26/2025 06:02:12" date="2025-11-26T06:08:39.020" /><!-- duration: 2ms -->
                <step title="Remove 2c3de5e5-, Success, received at 11/14/2025 02:38:52" date="2025-11-26T06:08:39.202" /><!-- duration: 2ms -->
              </step><!-- duration: 265ms -->
            </step><!-- duration: 15734ms -->
          </step><!-- duration: 15866ms -->
          <step title="Cleaning up temp files" date="2025-11-26T06:08:39.303" /><!-- duration: 6ms -->
          <step title="Cleaning up temp files" date="2025-11-26T06:08:39.347" /><!-- duration: 512ms -->
          <step title="Reloading status file with latest updates" date="2025-11-26T06:08:39.916" >
            <step title="WebHooksManager.PublishEventAsync: PostDeployment" date="2025-11-26T06:08:39.920" /><!-- duration: 41ms -->
          </step><!-- duration: 49ms -->
          <step title="Cleaning up temporary deployment - fetch deployment was successful" date="2025-11-26T06:08:39.969" /><!-- duration: 3ms -->
        </step><!-- duration: 16704ms -->
      </step><!-- duration: 18646ms -->
