<step title="Incoming Request" date="2025-11-14T03:33:16.761" instance="5837db" url="/api/publish?type=zip" method="POST" type="request" pid="839,1,22" Accept="*/*" Host="app-helwa-platform.scm.azurewebsites.net" User-Agent="AZURECLI/2.76.0 (HOMEBREW)" Accept-Encoding="gzip, deflate" Authorization="Bea..." Cache-Control="no-cache" Content-Type="application/octet-stream" Cookie="ARRAffinity=5837dbf0cd93da7124a4888a3302cb855513c4227a93adf2094b4463a5227ab6; ARRAffinitySameSite=5837dbf0cd93da7124a4888a3302cb855513c4227a93adf2094b4463a5227ab6" Content-Length="29977656" x-ms-client-request-id="a30d07e4-c10a-11f0-a471-3668d694405d" x-ms-artifact-checksum="0f65f79618790f0a335d1dd30a1c7b9be25ff6bcdd39d02e8f49928de6c9c685" X-ARR-LOG-ID="a30d07e4-c10a-11f0-a471-3668d694405d" CLIENT-IP="99.24.231.22:52089" X-SITE-DEPLOYMENT-ID="app-helwa-platform" WAS-DEFAULT-HOSTNAME="app-helwa-platform.scm.azurewebsites.net" X-Forwarded-Proto="https" X-AppService-Proto="https" X-Forwarded-TlsVersion="1.3" X-WAWS-Unencoded-URL="/api/publish?type=zip" X-Client-IP="99.24.231.22" X-Client-Port="52089" >
  <step title="OneDeploy" date="2025-11-14T03:33:16.773" >
    <step title="Starting PushDeployAsync" date="2025-11-14T03:33:16.784" /><!-- duration: 3ms -->
    <step title="Removing node_modules symlink" date="2025-11-14T03:33:16.800" >
      <step title="Writing artifact to /tmp/zipdeploy/ce4e08c8-5c50-430b-b690-f9319e8359bc.zip" date="2025-11-14T03:33:16.898" >
        <step title="Writing multipart request body to /tmp/zipdeploy/ce4e08c8-5c50-430b-b690-f9319e8359bc.zip" date="2025-11-14T03:33:17.079" /><!-- duration: 41ms -->
      </step><!-- duration: 13219ms -->
      <step title="Attempting to fetch target branch HEAD" date="2025-11-14T03:33:30.130" /><!-- duration: 2ms -->
      <step title="Acquiring Deployment Lock" date="2025-11-14T03:33:30.135" /><!-- duration: 6ms -->
      <step title="Acquired Deployment Lock" date="2025-11-14T03:33:30.164" /><!-- duration: 2ms -->
      <step title="Performing fetch based deployment" date="2025-11-14T03:33:30.180" >
        <step title="Creating temporary deployment" date="2025-11-14T03:33:30.188" /><!-- duration: 57ms -->
        <step title="Releasing Deployment Lock" date="2025-11-14T03:33:31.408" /><!-- duration: 7ms -->
        <step title="Cleaning up temp folders from previous zip deployments and extracting pushed zip file /tmp/zipdeploy/ce4e08c8-5c50-430b-b690-f9319e8359bc.zip (28.59 MB) to /tmp/zipdeploy/extracted" date="2025-11-14T03:33:31.453" >
          <step title="ChmodRecursive Process exited with total time taken in ms: 124" date="2025-11-14T03:33:34.815" /><!-- duration: 4ms -->
        </step><!-- duration: 3370ms -->
        <step title="None repository commit" date="2025-11-14T03:33:34.827" >
          <step title="Commit id: f61c6111-c867-4fc0-adef-7ef17a333b48" date="2025-11-14T03:33:34.836" Message="OneDeploy" AuthorName="N/A" AuthorEmail="N/A" /><!-- duration: 2ms -->
        </step><!-- duration: 13ms -->
        <step title="Deployment timer started" date="2025-11-14T03:33:36.844" >
          <step title="DeploymentManager.Deploy(id:f61c6111-c867-4fc0-adef-7ef17a333b48)" date="2025-11-14T03:33:36.853" >
            <step title="Collecting changeset information" date="2025-11-14T03:33:36.870" /><!-- duration: 90ms -->
            <step title="Updating submodules" date="2025-11-14T03:33:36.964" /><!-- duration: 1174ms -->
            <step title="Determining deployment builder" date="2025-11-14T03:33:38.338" >
              <step title="Builder is OneDeployBuilder" date="2025-11-14T03:33:38.353" /><!-- duration: 2ms -->
            </step><!-- duration: 20ms -->
            <step title="PreDeployment: context.CleanOutputPath False" date="2025-11-14T03:33:38.408" >
              <step title="PreDeployment: context.OutputPath /home/site/wwwroot" date="2025-11-14T03:33:38.523" >
                <step title="Building" date="2025-11-14T03:33:38.649" >
                  <step title="Executing external process" date="2025-11-14T03:33:39.632" type="process" path="starter.sh" arguments="/opt/Kudu/Scripts/absoluteTar.sh /tmp/zipdeploy/extracted/node_modules /tmp/zipdeploy/extracted/node_modules.tar.gz" /><!-- duration: 11419ms -->
                  <step title="Executing external process" date="2025-11-14T03:33:51.355" type="process" path="starter.sh" arguments="/opt/Kudu/Scripts/parallel_rsync.sh /tmp/zipdeploy/extracted /home/site/wwwroot 8 /tmp/ False False node_modules " /><!-- duration: 7185ms -->
                  <step title="Modified file to trigger a restart of the app container." date="2025-11-14T03:33:59.747" /><!-- duration: 2ms -->
                  <step title="Skip function trigger and logicapp sync because function is not enabled." date="2025-11-14T03:33:59.752" /><!-- duration: 2ms -->
                </step><!-- duration: 22193ms -->
              </step><!-- duration: 22324ms -->
              <step title="Cleaning up temp files" date="2025-11-14T03:34:00.850" /><!-- duration: 3ms -->
              <step title="Cleaning up temp files" date="2025-11-14T03:34:00.855" /><!-- duration: 509ms -->
              <step title="Reloading status file with latest updates" date="2025-11-14T03:34:01.476" >
                <step title="WebHooksManager.PublishEventAsync: PostDeployment" date="2025-11-14T03:34:01.496" /><!-- duration: 185ms -->
              </step><!-- duration: 224ms -->
              <step title="Cleaning up temporary deployment - fetch deployment was successful" date="2025-11-14T03:34:01.733" /><!-- duration: 9ms -->
            </step><!-- duration: 23492ms -->
          </step><!-- duration: 25067ms -->
          <step title="Outgoing response" date="2025-11-14T03:34:02.009" type="response" statusCode="200" statusText="OK" /><!-- duration: 41ms -->
        </step><!-- duration: 25265ms -->
