<step title="Incoming Request" date="2025-11-14T20:17:40.117" instance="5837db" url="/api/publish?type=zip&amp;async=True" method="POST" type="request" pid="839,1,34" Accept="*/*" Host="app-helwa-platform.scm.azurewebsites.net" User-Agent="AZURECLI/2.76.0 (HOMEBREW)" Accept-Encoding="gzip, deflate" Authorization="Bea..." Cache-Control="no-cache" Content-Type="application/octet-stream" Cookie="ARRAffinity=5837dbf0cd93da7124a4888a3302cb855513c4227a93adf2094b4463a5227ab6; ARRAffinitySameSite=5837dbf0cd93da7124a4888a3302cb855513c4227a93adf2094b4463a5227ab6" Content-Length="30108154" x-ms-client-request-id="f07b468a-c196-11f0-b52d-3668d694405d" x-ms-artifact-checksum="de3d167b338ff9ca41801f4c093947b9418255ce87941ce42d6e5169c6026373" X-ARR-LOG-ID="f07b468a-c196-11f0-b52d-3668d694405d" CLIENT-IP="99.24.231.22:50318" X-SITE-DEPLOYMENT-ID="app-helwa-platform" WAS-DEFAULT-HOSTNAME="app-helwa-platform.scm.azurewebsites.net" X-Forwarded-Proto="https" X-AppService-Proto="https" X-Forwarded-TlsVersion="1.3" X-WAWS-Unencoded-URL="/api/publish?type=zip&amp;async=True" X-Client-IP="99.24.231.22" X-Client-Port="50318" >
  <step title="OneDeploy" date="2025-11-14T20:17:40.339" >
    <step title="Starting PushDeployAsync" date="2025-11-14T20:17:40.557" /><!-- duration: 7ms -->
    <step title="Removing node_modules symlink" date="2025-11-14T20:17:40.580" >
      <step title="Writing artifact to /tmp/zipdeploy/9f0e7c1c-8b48-4a60-9a38-3bde0ba4fa5d.zip" date="2025-11-14T20:17:40.781" >
        <step title="Writing multipart request body to /tmp/zipdeploy/9f0e7c1c-8b48-4a60-9a38-3bde0ba4fa5d.zip" date="2025-11-14T20:17:40.812" /><!-- duration: 37ms -->
      </step><!-- duration: 6551ms -->
      <step title="Start deployment in the background" date="2025-11-14T20:17:47.349" >
        <step title="Acquiring Deployment Lock" date="2025-11-14T20:17:47.423" /><!-- duration: 28ms -->
        <step title="Acquired Deployment Lock" date="2025-11-14T20:17:47.536" /><!-- duration: 3ms -->
      </step><!-- duration: 290ms -->
    </step><!-- duration: 7110ms -->
    <step title="Outgoing response" date="2025-11-14T20:17:47.698" type="response" statusCode="202" statusText="Accepted" /><!-- duration: 4ms -->
  </step><!-- duration: 7365ms -->
