<step title="Incoming Request" date="2025-11-14T16:43:39.660" instance="5837db" url="/api/publish?type=zip" method="POST" type="request" pid="839,1,48" Accept="*/*" Host="app-helwa-platform.scm.azurewebsites.net" User-Agent="AZURECLI/2.76.0 (HOMEBREW)" Accept-Encoding="gzip, deflate" Authorization="Bea..." Cache-Control="no-cache" Content-Type="application/octet-stream" Cookie="ARRAffinity=5837dbf0cd93da7124a4888a3302cb855513c4227a93adf2094b4463a5227ab6; ARRAffinitySameSite=5837dbf0cd93da7124a4888a3302cb855513c4227a93adf2094b4463a5227ab6" Content-Length="29980148" x-ms-client-request-id="0dad7084-c179-11f0-8d5d-3668d694405d" x-ms-artifact-checksum="e0a696675f954c50b818a2dc061cf07dc4e97178a0a112adf1ceb3017e07efbe" X-ARR-LOG-ID="0dad7084-c179-11f0-8d5d-3668d694405d" CLIENT-IP="99.24.231.22:57059" X-SITE-DEPLOYMENT-ID="app-helwa-platform" WAS-DEFAULT-HOSTNAME="app-helwa-platform.scm.azurewebsites.net" X-Forwarded-Proto="https" X-AppService-Proto="https" X-Forwarded-TlsVersion="1.3" X-WAWS-Unencoded-URL="/api/publish?type=zip" X-Client-IP="99.24.231.22" X-Client-Port="57059" >
  <step title="OneDeploy" date="2025-11-14T16:43:39.700" >
    <step title="Starting PushDeployAsync" date="2025-11-14T16:43:39.730" /><!-- duration: 19ms -->
    <step title="Removing node_modules symlink" date="2025-11-14T16:43:39.778" >
      <step title="Writing artifact to /tmp/zipdeploy/a6867e15-3233-4677-8e76-e22c4779f7e9.zip" date="2025-11-14T16:43:39.925" >
        <step title="Writing multipart request body to /tmp/zipdeploy/a6867e15-3233-4677-8e76-e22c4779f7e9.zip" date="2025-11-14T16:43:39.935" /><!-- duration: 3ms -->
      </step><!-- duration: 7381ms -->
      <step title="Attempting to fetch target branch HEAD" date="2025-11-14T16:43:47.318" /><!-- duration: 3ms -->
      <step title="Acquiring Deployment Lock" date="2025-11-14T16:43:47.323" /><!-- duration: 2ms -->
      <step title="Acquired Deployment Lock" date="2025-11-14T16:43:47.352" /><!-- duration: 2ms -->
      <step title="Performing fetch based deployment" date="2025-11-14T16:43:47.360" >
        <step title="Creating temporary deployment" date="2025-11-14T16:43:47.363" /><!-- duration: 65ms -->
        <step title="Releasing Deployment Lock" date="2025-11-14T16:43:48.615" /><!-- duration: 20ms -->
        <step title="Cleaning up temp folders from previous zip deployments and extracting pushed zip file /tmp/zipdeploy/a6867e15-3233-4677-8e76-e22c4779f7e9.zip (28.59 MB) to /tmp/zipdeploy/extracted" date="2025-11-14T16:43:48.720" >
          <step title="ChmodRecursive Process exited with total time taken in ms: 176" date="2025-11-14T16:43:53.001" /><!-- duration: 11ms -->
        </step><!-- duration: 4296ms -->
        <step title="None repository commit" date="2025-11-14T16:43:53.028" >
          <step title="Commit id: e82acf9c-fb52-49b1-8550-56360a0fd2f3" date="2025-11-14T16:43:53.031" Message="OneDeploy" AuthorName="N/A" AuthorEmail="N/A" /><!-- duration: 2ms -->
        </step><!-- duration: 7ms -->
        <step title="Deployment timer started" date="2025-11-14T16:43:55.038" >
          <step title="DeploymentManager.Deploy(id:e82acf9c-fb52-49b1-8550-56360a0fd2f3)" date="2025-11-14T16:43:55.049" >
            <step title="Collecting changeset information" date="2025-11-14T16:43:55.112" /><!-- duration: 109ms -->
            <step title="Updating submodules" date="2025-11-14T16:43:55.226" /><!-- duration: 1141ms -->
            <step title="Determining deployment builder" date="2025-11-14T16:43:56.608" >
              <step title="Builder is OneDeployBuilder" date="2025-11-14T16:43:56.617" /><!-- duration: 3ms -->
            </step><!-- duration: 15ms -->
            <step title="PreDeployment: context.CleanOutputPath False" date="2025-11-14T16:43:56.675" >
              <step title="PreDeployment: context.OutputPath /home/site/wwwroot" date="2025-11-14T16:43:56.799" >
                <step title="Building" date="2025-11-14T16:43:57.003" >
                  <step title="Executing external process" date="2025-11-14T16:43:57.767" type="process" path="starter.sh" arguments="/opt/Kudu/Scripts/absoluteTar.sh /tmp/zipdeploy/extracted/node_modules /tmp/zipdeploy/extracted/node_modules.tar.gz" /><!-- duration: 13194ms -->
                  <step title="Executing external process" date="2025-11-14T16:44:11.288" type="process" path="starter.sh" arguments="/opt/Kudu/Scripts/parallel_rsync.sh /tmp/zipdeploy/extracted /home/site/wwwroot 8 /tmp/ False False node_modules " /><!-- duration: 6683ms -->
                  <step title="Modified file to trigger a restart of the app container." date="2025-11-14T16:44:19.254" /><!-- duration: 3ms -->
                  <step title="Skip function trigger and logicapp sync because function is not enabled." date="2025-11-14T16:44:19.261" /><!-- duration: 2ms -->
                </step><!-- duration: 23683ms -->
              </step><!-- duration: 23893ms -->
              <step title="Cleaning up temp files" date="2025-11-14T16:44:20.695" /><!-- duration: 5ms -->
              <step title="Cleaning up temp files" date="2025-11-14T16:44:20.718" /><!-- duration: 506ms -->
              <step title="Reloading status file with latest updates" date="2025-11-14T16:44:21.272" >
                <step title="WebHooksManager.PublishEventAsync: PostDeployment" date="2025-11-14T16:44:21.276" /><!-- duration: 22ms -->
              </step><!-- duration: 35ms -->
              <step title="Cleaning up temporary deployment - fetch deployment was successful" date="2025-11-14T16:44:21.319" /><!-- duration: 2ms -->
            </step><!-- duration: 24709ms -->
          </step><!-- duration: 26342ms -->
          <step title="Outgoing response" date="2025-11-14T16:44:21.394" type="response" statusCode="200" statusText="OK" /><!-- duration: 9ms -->
        </step><!-- duration: 26382ms -->
