<step title="Incoming Request" date="2025-11-14T03:28:18.935" instance="5837db" url="/api/publish?type=zip" method="POST" type="request" pid="839,1,5" Accept="*/*" Host="app-helwa-platform.scm.azurewebsites.net" User-Agent="AZURECLI/2.76.0 (HOMEBREW)" Accept-Encoding="gzip, deflate" Authorization="Bea..." Cache-Control="no-cache" Content-Type="application/octet-stream" Cookie="ARRAffinity=5837dbf0cd93da7124a4888a3302cb855513c4227a93adf2094b4463a5227ab6; ARRAffinitySameSite=5837dbf0cd93da7124a4888a3302cb855513c4227a93adf2094b4463a5227ab6" Content-Length="15696582" x-ms-client-request-id="efec195c-c109-11f0-b17e-3668d694405d" x-ms-artifact-checksum="f2e7e707e406a58c8cece5dc3eb4e36a7ed62e5fb3fdff0af1d0d207a2c0cc8f" X-ARR-LOG-ID="efec195c-c109-11f0-b17e-3668d694405d" CLIENT-IP="99.24.231.22:51132" X-SITE-DEPLOYMENT-ID="app-helwa-platform" WAS-DEFAULT-HOSTNAME="app-helwa-platform.scm.azurewebsites.net" X-Forwarded-Proto="https" X-AppService-Proto="https" X-Forwarded-TlsVersion="1.3" X-WAWS-Unencoded-URL="/api/publish?type=zip" X-Client-IP="99.24.231.22" X-Client-Port="51132" >
  <step title="OneDeploy" date="2025-11-14T03:28:19.540" >
    <step title="None repository commit" date="2025-11-14T03:28:19.572" >
      <step title="Commit id: fd853029-f447-4f8a-aa45-c776b5b32cb9" date="2025-11-14T03:28:19.575" Message="N/A" AuthorName="N/A" AuthorEmail="N/A" /><!-- duration: 2ms -->
    </step><!-- duration: 7ms -->
    <step title="Starting PushDeployAsync" date="2025-11-14T03:28:19.581" /><!-- duration: 2ms -->
    <step title="Removing node_modules symlink" date="2025-11-14T03:28:19.610" >
      <step title="Removing _del_node_modules symlink" date="2025-11-14T03:28:19.776" >
        <step title="Writing artifact to /tmp/zipdeploy/444fa22a-789f-474f-9c5f-2137ea4fdf3a.zip" date="2025-11-14T03:28:19.844" >
          <step title="Writing multipart request body to /tmp/zipdeploy/444fa22a-789f-474f-9c5f-2137ea4fdf3a.zip" date="2025-11-14T03:28:19.853" /><!-- duration: 9ms -->
        </step><!-- duration: 4332ms -->
        <step title="Attempting to fetch target branch HEAD" date="2025-11-14T03:28:24.189" /><!-- duration: 17ms -->
        <step title="Acquiring Deployment Lock" date="2025-11-14T03:28:24.219" /><!-- duration: 37ms -->
        <step title="Acquired Deployment Lock" date="2025-11-14T03:28:24.357" /><!-- duration: 18ms -->
        <step title="Performing fetch based deployment" date="2025-11-14T03:28:24.397" >
          <step title="Creating temporary deployment" date="2025-11-14T03:28:24.417" /><!-- duration: 189ms -->
          <step title="Releasing Deployment Lock" date="2025-11-14T03:28:25.815" /><!-- duration: 4ms -->
          <step title="Cleaning up temp folders from previous zip deployments and extracting pushed zip file /tmp/zipdeploy/444fa22a-789f-474f-9c5f-2137ea4fdf3a.zip (14.97 MB) to /tmp/zipdeploy/extracted" date="2025-11-14T03:28:25.928" >
            <step title="ChmodRecursive Process exited with total time taken in ms: 138" date="2025-11-14T03:28:29.803" /><!-- duration: 4ms -->
          </step><!-- duration: 3883ms -->
          <step title="None repository commit" date="2025-11-14T03:28:29.815" >
            <step title="Commit id: fd853029-f447-4f8a-aa45-c776b5b32cb9" date="2025-11-14T03:28:29.824" Message="OneDeploy" AuthorName="N/A" AuthorEmail="N/A" /><!-- duration: 2ms -->
          </step><!-- duration: 13ms -->
          <step title="Deployment timer started" date="2025-11-14T03:28:31.845" >
            <step title="DeploymentManager.Deploy(id:fd853029-f447-4f8a-aa45-c776b5b32cb9)" date="2025-11-14T03:28:31.849" >
              <step title="Collecting changeset information" date="2025-11-14T03:28:31.883" /><!-- duration: 87ms -->
              <step title="Updating submodules" date="2025-11-14T03:28:31.974" /><!-- duration: 1162ms -->
              <step title="Determining deployment builder" date="2025-11-14T03:28:33.353" >
                <step title="Builder is OneDeployBuilder" date="2025-11-14T03:28:33.384" /><!-- duration: 3ms -->
              </step><!-- duration: 37ms -->
              <step title="PreDeployment: context.CleanOutputPath False" date="2025-11-14T03:28:33.434" >
                <step title="PreDeployment: context.OutputPath /home/site/wwwroot" date="2025-11-14T03:28:33.684" >
                  <step title="Building" date="2025-11-14T03:28:33.862" >
                    <step title="Executing external process" date="2025-11-14T03:28:34.702" type="process" path="starter.sh" arguments="/opt/Kudu/Scripts/absoluteTar.sh /tmp/zipdeploy/extracted/node_modules /tmp/zipdeploy/extracted/node_modules.tar.gz" /><!-- duration: 23940ms -->
                    <step title="Executing external process" date="2025-11-14T03:28:59.039" type="process" path="starter.sh" arguments="/opt/Kudu/Scripts/parallel_rsync.sh /tmp/zipdeploy/extracted /home/site/wwwroot 8 /tmp/ False False node_modules " /><!-- duration: 7854ms -->
                    <step title="Modified file to trigger a restart of the app container." date="2025-11-14T03:29:07.856" /><!-- duration: 2ms -->
                    <step title="Skip function trigger and logicapp sync because function is not enabled." date="2025-11-14T03:29:07.863" /><!-- duration: 5ms -->
                  </step><!-- duration: 34891ms -->
                </step><!-- duration: 35076ms -->
                <step title="Cleaning up temp files" date="2025-11-14T03:29:08.762" /><!-- duration: 3ms -->
                <step title="Cleaning up temp files" date="2025-11-14T03:29:08.768" /><!-- duration: 504ms -->
                <step title="Reloading status file with latest updates" date="2025-11-14T03:29:09.296" >
                  <step title="WebHooksManager.PublishEventAsync: PostDeployment" date="2025-11-14T03:29:09.310" /><!-- duration: 122ms -->
                </step><!-- duration: 144ms -->
                <step title="Cleaning up temporary deployment - fetch deployment was successful" date="2025-11-14T03:29:09.443" /><!-- duration: 2ms -->
              </step><!-- duration: 36055ms -->
            </step><!-- duration: 37644ms -->
            <step title="Outgoing response" date="2025-11-14T03:29:09.520" type="response" statusCode="200" statusText="OK" /><!-- duration: 9ms -->
          </step><!-- duration: 37694ms -->
