<step title="BackgroundTrace" date="2025-11-13T22:43:33.715" instance="5837db" url="/api/publish" method="POST" >
  <step title="Cleanup Xml Logs" date="2025-11-13T22:43:33.728" /><!-- duration: 19ms -->
  <step title="Creating temporary deployment - FetchDeploymentManager" date="2025-11-13T22:43:33.959" /><!-- duration: 2ms -->
  <step title="Creating temporary deployment" date="2025-11-13T22:43:33.967" /><!-- duration: 96ms -->
  <step title="Performing fetch based deployment" date="2025-11-13T22:43:34.167" >
    <step title="Cleaning up temp folders from previous zip deployments and extracting pushed zip file /tmp/zipdeploy/a63d1736-4bf9-4d9b-86ef-74fad5d55a7e.zip (112.82 MB) to /tmp/zipdeploy/extracted" date="2025-11-13T22:43:35.372" >
      <step title="ChmodRecursive Process exited with total time taken in ms: 525" date="2025-11-13T22:44:16.817" /><!-- duration: 8ms -->
    </step><!-- duration: 41459ms -->
    <step title="Deployment timer started" date="2025-11-13T22:44:18.869" >
      <step title="DeploymentManager.Deploy(id:3a8ad571-0c95-42d7-a458-4021921e3134)" date="2025-11-13T22:44:18.876" >
        <step title="Collecting changeset information" date="2025-11-13T22:44:18.938" /><!-- duration: 147ms -->
        <step title="Updating submodules" date="2025-11-13T22:44:19.098" /><!-- duration: 1190ms -->
        <step title="Determining deployment builder" date="2025-11-13T22:44:20.517" >
          <step title="Builder is OneDeployBuilder" date="2025-11-13T22:44:20.534" /><!-- duration: 9ms -->
        </step><!-- duration: 29ms -->
        <step title="PreDeployment: context.CleanOutputPath False" date="2025-11-13T22:44:20.639" >
          <step title="PreDeployment: context.OutputPath /home/site/wwwroot" date="2025-11-13T22:44:20.760" >
            <step title="Building" date="2025-11-13T22:44:20.901" >
              <step title="Executing external process" date="2025-11-13T22:44:21.952" type="process" path="starter.sh" arguments="/opt/Kudu/Scripts/absoluteTar.sh /tmp/zipdeploy/extracted/node_modules /tmp/zipdeploy/extracted/node_modules.tar.gz" >
                <step title="Cpu: gzip(1103,34.660s)+sh(1102,0.000s)+tar(1101,2.620s)+absoluteTar.sh(1100,0.020s)=total(37.290s)" date="2025-11-13T22:45:21.794" /><!-- duration: 10ms -->
                <step title="starter.sh: no io activity for 60s, prev-cpu=-1.000s, current-cpu=37.290s" date="2025-11-13T22:45:21.823" /><!-- duration: 2ms -->
              </step><!-- duration: 111289ms -->
              <step title="Executing external process" date="2025-11-13T22:46:14.517" type="process" path="starter.sh" arguments="/opt/Kudu/Scripts/parallel_rsync.sh /tmp/zipdeploy/extracted /home/site/wwwroot 8 /tmp/ False False node_modules " >
                <step title="Cpu: rsync(1176,0.100s)+rsync(1162,0.060s)+rsync(1156,0.450s)+bash(1148,0.010s)+rsync(1178,0.070s)+rsync(1167,0.110s)+rsync(1154,0.310s)+bash(1149,0.000s)+rsync(1183,0.080s)+rsync(1164,0.080s)+rsync(1155,0.360s)+bash(1150,0.000s)+rsync(1180,0.090s)+rsync(1160,0.090s)+rsync(1157,0.410s)+bash(1151,0.000s)+rsync(1182,0.060s)+rsync(1168,0.080s)+rsync(1159,0.360s)+bash(1152,0.000s)+rsync(1184,0.030s)+rsync(1169,0.100s)+rsync(1166,0.480s)+bash(1153,0.020s)+rsync(1177,0.110s)+rsync(1172,0.060s)+rsync(1165,0.270s)+bash(1158,0.010s)+rsync(1174,0.100s)+rsync(1170,0.060s)+rsync(1163,0.260s)+bash(1161,0.000s)+xargs(1147,0.010s)+parallel_rsync.sh(1137,0.030s)=total(4.200s)" date="2025-11-13T22:47:41.011" /><!-- duration: 430ms -->
                <step title="starter.sh: no io activity for 60s, prev-cpu=-1.000s, current-cpu=4.200s" date="2025-11-13T22:47:45.122" /><!-- duration: 680ms -->
