<step title="Incoming Request" date="2025-11-13T22:18:46.776" instance="5837db" url="/api/publish?type=zip" method="POST" type="request" pid="833,1,5" Accept="*/*" Host="app-helwa-platform.scm.azurewebsites.net" User-Agent="AZURECLI/2.76.0 (HOMEBREW)" Accept-Encoding="gzip, deflate" Authorization="Bea..." Cache-Control="no-cache" Content-Type="application/octet-stream" Content-Length="15666956" x-ms-client-request-id="9e5fce7e-c0de-11f0-918b-3668d694405d" x-ms-artifact-checksum="884c4511f8aa342b95f576318423521d982a321093a00eb411c7937f6df8ff4c" X-ARR-LOG-ID="9e5fce7e-c0de-11f0-918b-3668d694405d" CLIENT-IP="128.195.95.17:19391" X-SITE-DEPLOYMENT-ID="app-helwa-platform" WAS-DEFAULT-HOSTNAME="app-helwa-platform.scm.azurewebsites.net" X-Forwarded-Proto="https" X-AppService-Proto="https" X-Forwarded-TlsVersion="1.3" X-WAWS-Unencoded-URL="/api/publish?type=zip" X-Client-IP="128.195.95.17" X-Client-Port="19391" >
  <step title="OneDeploy" date="2025-11-13T22:18:47.659" >
    <step title="None repository commit" date="2025-11-13T22:18:47.670" >
      <step title="Commit id: b110d306-2248-462c-8e8b-d2e5ef7466d4" date="2025-11-13T22:18:47.673" Message="N/A" AuthorName="N/A" AuthorEmail="N/A" /><!-- duration: 2ms -->
    </step><!-- duration: 8ms -->
    <step title="Starting PushDeployAsync" date="2025-11-13T22:18:47.680" /><!-- duration: 2ms -->
    <step title="Writing artifact to /tmp/zipdeploy/bfdc0634-0705-49fc-967d-e9149d7c75e2.zip" date="2025-11-13T22:18:47.692" >
      <step title="Writing multipart request body to /tmp/zipdeploy/bfdc0634-0705-49fc-967d-e9149d7c75e2.zip" date="2025-11-13T22:18:47.695" /><!-- duration: 4ms -->
    </step><!-- duration: 1576ms -->
    <step title="Attempting to fetch target branch HEAD" date="2025-11-13T22:18:49.316" /><!-- duration: 2ms -->
    <step title="Acquiring Deployment Lock" date="2025-11-13T22:18:49.320" /><!-- duration: 2ms -->
    <step title="Acquired Deployment Lock" date="2025-11-13T22:18:49.374" /><!-- duration: 2ms -->
    <step title="Performing fetch based deployment" date="2025-11-13T22:18:49.381" >
      <step title="Creating temporary deployment" date="2025-11-13T22:18:49.383" /><!-- duration: 130ms -->
      <step title="Releasing Deployment Lock" date="2025-11-13T22:18:50.870" /><!-- duration: 4ms -->
      <step title="Cleaning up temp folders from previous zip deployments and extracting pushed zip file /tmp/zipdeploy/bfdc0634-0705-49fc-967d-e9149d7c75e2.zip (14.94 MB) to /tmp/zipdeploy/extracted" date="2025-11-13T22:18:50.917" >
        <step title="ChmodRecursive Process exited with total time taken in ms: 177" date="2025-11-13T22:18:54.621" /><!-- duration: 30ms -->
      </step><!-- duration: 3737ms -->
      <step title="None repository commit" date="2025-11-13T22:18:54.660" >
        <step title="Commit id: b110d306-2248-462c-8e8b-d2e5ef7466d4" date="2025-11-13T22:18:54.663" Message="OneDeploy" AuthorName="N/A" AuthorEmail="N/A" /><!-- duration: 2ms -->
      </step><!-- duration: 7ms -->
      <step title="Deployment timer started" date="2025-11-13T22:18:56.706" >
        <step title="DeploymentManager.Deploy(id:b110d306-2248-462c-8e8b-d2e5ef7466d4)" date="2025-11-13T22:18:56.725" >
          <step title="Collecting changeset information" date="2025-11-13T22:18:56.749" /><!-- duration: 86ms -->
          <step title="Updating submodules" date="2025-11-13T22:18:56.845" /><!-- duration: 1182ms -->
          <step title="Determining deployment builder" date="2025-11-13T22:18:58.306" >
            <step title="Builder is OneDeployBuilder" date="2025-11-13T22:18:58.321" /><!-- duration: 5ms -->
          </step><!-- duration: 21ms -->
          <step title="PreDeployment: context.CleanOutputPath False" date="2025-11-13T22:18:58.377" >
            <step title="PreDeployment: context.OutputPath /home/site/wwwroot" date="2025-11-13T22:18:58.501" >
              <step title="Building" date="2025-11-13T22:18:58.680" >
                <step title="Executing external process" date="2025-11-13T22:18:59.478" type="process" path="starter.sh" arguments="/opt/Kudu/Scripts/absoluteTar.sh /tmp/zipdeploy/extracted/node_modules /tmp/zipdeploy/extracted/node_modules.tar.gz" /><!-- duration: 17174ms -->
                <step title="Executing external process" date="2025-11-13T22:19:16.921" type="process" path="starter.sh" arguments="/opt/Kudu/Scripts/parallel_rsync.sh /tmp/zipdeploy/extracted /home/site/wwwroot 8 /tmp/ False False node_modules " /><!-- duration: 10172ms -->
                <step title="Modified file to trigger a restart of the app container." date="2025-11-13T22:19:28.033" /><!-- duration: 11ms -->
                <step title="Skip function trigger and logicapp sync because function is not enabled." date="2025-11-13T22:19:28.053" /><!-- duration: 8ms -->
              </step><!-- duration: 30065ms -->
            </step><!-- duration: 30248ms -->
            <step title="Cleaning up temp files" date="2025-11-13T22:19:28.752" /><!-- duration: 3ms -->
            <step title="Cleaning up temp files" date="2025-11-13T22:19:28.756" /><!-- duration: 506ms -->
            <step title="Reloading status file with latest updates" date="2025-11-13T22:19:29.304" >
              <step title="WebHooksManager.PublishEventAsync: PostDeployment" date="2025-11-13T22:19:29.314" /><!-- duration: 127ms -->
            </step><!-- duration: 144ms -->
            <step title="Cleaning up temporary deployment - fetch deployment was successful" date="2025-11-13T22:19:29.455" /><!-- duration: 2ms -->
          </step><!-- duration: 31159ms -->
        </step><!-- duration: 32821ms -->
        <step title="Outgoing response" date="2025-11-13T22:19:29.567" type="response" statusCode="200" statusText="OK" /><!-- duration: 2ms -->
      </step><!-- duration: 32865ms -->
