<step title="Incoming Request" date="2025-11-13T22:49:55.007" instance="5837db" url="/api/publish?type=zip&amp;async=False" method="POST" type="request" pid="847,1,7" Accept="*/*" Host="app-helwa-platform.scm.azurewebsites.net" User-Agent="AZURECLI/2.76.0 (HOMEBREW)" Accept-Encoding="gzip, deflate" Authorization="Bea..." Cache-Control="no-cache" Content-Type="application/octet-stream" Cookie="ARRAffinity=5837dbf0cd93da7124a4888a3302cb855513c4227a93adf2094b4463a5227ab6; ARRAffinitySameSite=5837dbf0cd93da7124a4888a3302cb855513c4227a93adf2094b4463a5227ab6" Content-Length="118302726" x-ms-client-request-id="0c7cb292-c0e3-11f0-8610-3668d694405d" x-ms-artifact-checksum="9002b97570d56a216bd31c344e79076769a4b86f878959a789de7ae3d1406c90" X-ARR-LOG-ID="0c7cb292-c0e3-11f0-8610-3668d694405d" CLIENT-IP="128.195.95.17:35678" X-SITE-DEPLOYMENT-ID="app-helwa-platform" WAS-DEFAULT-HOSTNAME="app-helwa-platform.scm.azurewebsites.net" X-Forwarded-Proto="https" X-AppService-Proto="https" X-Forwarded-TlsVersion="1.3" X-WAWS-Unencoded-URL="/api/publish?type=zip&amp;async=False" X-Client-IP="128.195.95.17" X-Client-Port="35678" >
  <step title="OneDeploy" date="2025-11-13T22:49:55.244" >
    <step title="None repository commit" date="2025-11-13T22:49:55.256" >
      <step title="Commit id: ac615a7f-8c41-49e9-afd6-fc4d99a7fd98" date="2025-11-13T22:49:55.259" Message="N/A" AuthorName="N/A" AuthorEmail="N/A" /><!-- duration: 2ms -->
    </step><!-- duration: 7ms -->
    <step title="Starting PushDeployAsync" date="2025-11-13T22:49:55.265" /><!-- duration: 2ms -->
    <step title="Removing node_modules symlink" date="2025-11-13T22:49:55.314" >
      <step title="Writing artifact to /tmp/zipdeploy/ecb120ec-7f1c-43b7-8ebe-c4c4728bedf4.zip" date="2025-11-13T22:49:55.462" >
        <step title="Writing multipart request body to /tmp/zipdeploy/ecb120ec-7f1c-43b7-8ebe-c4c4728bedf4.zip" date="2025-11-13T22:49:55.471" /><!-- duration: 2ms -->
      </step><!-- duration: 13626ms -->
      <step title="Attempting to fetch target branch HEAD" date="2025-11-13T22:50:09.102" /><!-- duration: 2ms -->
      <step title="Acquiring Deployment Lock" date="2025-11-13T22:50:09.110" /><!-- duration: 8ms -->
      <step title="Acquired Deployment Lock" date="2025-11-13T22:50:09.141" /><!-- duration: 2ms -->
      <step title="Performing fetch based deployment" date="2025-11-13T22:50:09.150" >
        <step title="Creating temporary deployment" date="2025-11-13T22:50:09.153" /><!-- duration: 64ms -->
        <step title="Releasing Deployment Lock" date="2025-11-13T22:50:10.421" /><!-- duration: 6ms -->
        <step title="Cleaning up temp folders from previous zip deployments and extracting pushed zip file /tmp/zipdeploy/ecb120ec-7f1c-43b7-8ebe-c4c4728bedf4.zip (112.82 MB) to /tmp/zipdeploy/extracted" date="2025-11-13T22:50:10.469" >
          <step title="ChmodRecursive Process exited with total time taken in ms: 96" date="2025-11-13T22:50:45.039" /><!-- duration: 53ms -->
        </step><!-- duration: 34683ms -->
        <step title="None repository commit" date="2025-11-13T22:50:45.167" >
          <step title="Commit id: ac615a7f-8c41-49e9-afd6-fc4d99a7fd98" date="2025-11-13T22:50:45.182" Message="OneDeploy" AuthorName="N/A" AuthorEmail="N/A" /><!-- duration: 8ms -->
        </step><!-- duration: 34ms -->
        <step title="Deployment timer started" date="2025-11-13T22:50:47.530" >
          <step title="DeploymentManager.Deploy(id:ac615a7f-8c41-49e9-afd6-fc4d99a7fd98)" date="2025-11-13T22:50:47.537" >
            <step title="Collecting changeset information" date="2025-11-13T22:50:47.769" /><!-- duration: 143ms -->
            <step title="Updating submodules" date="2025-11-13T22:50:47.931" /><!-- duration: 1718ms -->
            <step title="Determining deployment builder" date="2025-11-13T22:50:50.172" >
              <step title="Builder is OneDeployBuilder" date="2025-11-13T22:50:50.240" /><!-- duration: 20ms -->
            </step><!-- duration: 147ms -->
            <step title="PreDeployment: context.CleanOutputPath False" date="2025-11-13T22:50:50.771" >
              <step title="PreDeployment: context.OutputPath /home/site/wwwroot" date="2025-11-13T22:50:50.997" >
                <step title="Building" date="2025-11-13T22:50:51.495" >
                  <step title="Executing external process" date="2025-11-13T22:50:52.982" type="process" path="starter.sh" arguments="/opt/Kudu/Scripts/absoluteTar.sh /tmp/zipdeploy/extracted/node_modules /tmp/zipdeploy/extracted/node_modules.tar.gz" >
                    <step title="Cpu: gzip(910,21.480s)+sh(909,0.000s)+tar(908,1.840s)+absoluteTar.sh(907,0.010s)=total(23.330s)" date="2025-11-13T22:51:54.012" /><!-- duration: 21ms -->
                    <step title="starter.sh: no io activity for 61s, prev-cpu=-1.000s, current-cpu=23.330s" date="2025-11-13T22:51:54.080" /><!-- duration: 59ms -->
                    <step title="Cpu: gzip(910,34.510s)+sh(909,0.000s)+tar(908,2.910s)+absoluteTar.sh(907,0.010s)=total(37.430s)" date="2025-11-13T22:52:55.016" /><!-- duration: 36ms -->
                    <step title="starter.sh: no io activity for 122s, prev-cpu=23.330s, current-cpu=37.430s" date="2025-11-13T22:52:55.145" /><!-- duration: 39ms -->
                  </step><!-- duration: 157830ms -->
                  <step title="Executing external process" date="2025-11-13T22:53:31.243" type="process" path="starter.sh" arguments="/opt/Kudu/Scripts/parallel_rsync.sh /tmp/zipdeploy/extracted /home/site/wwwroot 8 /tmp/ False False node_modules " /><!-- duration: 35447ms -->
                  <step title="Modified file to trigger a restart of the app container." date="2025-11-13T22:54:07.638" /><!-- duration: 2ms -->
                  <step title="Skip function trigger and logicapp sync because function is not enabled." date="2025-11-13T22:54:07.647" /><!-- duration: 2ms -->
                  <step title="Purge deployment items" date="2025-11-13T22:54:08.434" >
                    <step title="Remove 3a8ad571-, Failed, received at 11/13/2025 22:44:18" date="2025-11-13T22:54:08.480" /><!-- duration: 3ms -->
                    <step title="Remove temp-d874, Failed, received at 11/13/2025 22:43:33" date="2025-11-13T22:54:08.532" /><!-- duration: 2ms -->
                  </step><!-- duration: 102ms -->
                </step><!-- duration: 197131ms -->
              </step><!-- duration: 197637ms -->
              <step title="Cleaning up temp files" date="2025-11-13T22:54:08.640" /><!-- duration: 4ms -->
              <step title="Cleaning up temp files" date="2025-11-13T22:54:08.647" /><!-- duration: 518ms -->
              <step title="Reloading status file with latest updates" date="2025-11-13T22:54:09.202" >
                <step title="WebHooksManager.PublishEventAsync: PostDeployment" date="2025-11-13T22:54:09.206" /><!-- duration: 100ms -->
              </step><!-- duration: 106ms -->
              <step title="Cleaning up temporary deployment - fetch deployment was successful" date="2025-11-13T22:54:09.313" /><!-- duration: 2ms -->
            </step><!-- duration: 198604ms -->
          </step><!-- duration: 201903ms -->
          <step title="Outgoing response" date="2025-11-13T22:54:09.466" type="response" statusCode="200" statusText="OK" /><!-- duration: 3ms -->
        </step><!-- duration: 201941ms -->
