<step title="Incoming Request" date="2025-12-11T18:36:23.820" instance="8552f3" url="/api/publish?type=zip&amp;async=True" method="POST" type="request" pid="835,1,18" Accept="*/*" Host="app-helwa-platform.scm.azurewebsites.net" User-Agent="AZURECLI/2.79.0 (MSI)" Accept-Encoding="gzip, deflate" Authorization="Bea..." Cache-Control="no-cache" Content-Type="application/octet-stream" Cookie="ARRAffinity=8552f3a27b2935afce1dad9f6f98d4ca907c8db0d598f4decc70ff1202461e06; ARRAffinitySameSite=8552f3a27b2935afce1dad9f6f98d4ca907c8db0d598f4decc70ff1202461e06" Content-Length="22939106" x-ms-client-request-id="45e7df1e-d6c0-11f0-8f34-28d043c7c247" x-ms-artifact-checksum="a66a305138bcf23090fb024a8fea08aa334df8e073bd625347e2f4a978dd9def" X-ARR-LOG-ID="45e7df1e-d6c0-11f0-8f34-28d043c7c247" CLIENT-IP="73.246.188.64:51077" X-SITE-DEPLOYMENT-ID="app-helwa-platform" WAS-DEFAULT-HOSTNAME="app-helwa-platform.scm.azurewebsites.net" X-Forwarded-Proto="https" X-AppService-Proto="https" X-Forwarded-TlsVersion="1.3" X-WAWS-Unencoded-URL="/api/publish?type=zip&amp;async=True" X-Client-IP="73.246.188.64" X-Client-Port="51077" >
  <step title="OneDeploy" date="2025-12-11T18:36:24.288" >
    <step title="Starting PushDeployAsync" date="2025-12-11T18:36:24.318" /><!-- duration: 3ms -->
    <step title="Writing artifact to /tmp/zipdeploy/0eae8944-e21b-4280-a06b-cf2974396073.zip" date="2025-12-11T18:36:24.380" >
      <step title="Writing multipart request body to /tmp/zipdeploy/0eae8944-e21b-4280-a06b-cf2974396073.zip" date="2025-12-11T18:36:24.383" /><!-- duration: 2ms -->
    </step><!-- duration: 5406ms -->
    <step title="Start deployment in the background" date="2025-12-11T18:36:29.874" >
      <step title="Acquiring Deployment Lock" date="2025-12-11T18:36:30.050" /><!-- duration: 20ms -->
      <step title="Acquired Deployment Lock" date="2025-12-11T18:36:30.147" /><!-- duration: 10ms -->
    </step><!-- duration: 410ms -->
  </step><!-- duration: 6014ms -->
  <step title="Outgoing response" date="2025-12-11T18:36:30.320" type="response" statusCode="202" statusText="Accepted" /><!-- duration: 2ms -->
</step><!-- duration: 6504ms -->
