<step title="BackgroundTrace" date="2025-11-14T20:17:47.368" instance="5837db" url="/api/publish" method="POST" >
  <step title="Cleanup Xml Logs" date="2025-11-14T20:17:47.386" /><!-- duration: 7ms -->
  <step title="Creating temporary deployment - FetchDeploymentManager" date="2025-11-14T20:17:47.542" /><!-- duration: 4ms -->
  <step title="Creating temporary deployment" date="2025-11-14T20:17:47.559" /><!-- duration: 66ms -->
  <step title="Performing fetch based deployment" date="2025-11-14T20:17:47.712" >
    <step title="Cleaning up temp folders from previous zip deployments and extracting pushed zip file /tmp/zipdeploy/9f0e7c1c-8b48-4a60-9a38-3bde0ba4fa5d.zip (28.71 MB) to /tmp/zipdeploy/extracted" date="2025-11-14T20:17:49.141" >
      <step title="ChmodRecursive Process exited with total time taken in ms: 77" date="2025-11-14T20:17:51.605" /><!-- duration: 11ms -->
    </step><!-- duration: 2487ms -->
    <step title="Deployment timer started" date="2025-11-14T20:17:53.645" >
      <step title="DeploymentManager.Deploy(id:c810771b-0d95-46a3-b335-36044e9c3597)" date="2025-11-14T20:17:53.662" >
        <step title="Collecting changeset information" date="2025-11-14T20:17:53.696" /><!-- duration: 478ms -->
        <step title="Updating submodules" date="2025-11-14T20:17:54.196" /><!-- duration: 1193ms -->
        <step title="Determining deployment builder" date="2025-11-14T20:17:55.620" >
          <step title="Builder is OneDeployBuilder" date="2025-11-14T20:17:55.646" /><!-- duration: 10ms -->
        </step><!-- duration: 39ms -->
        <step title="PreDeployment: context.CleanOutputPath False" date="2025-11-14T20:17:55.720" >
          <step title="PreDeployment: context.OutputPath /home/site/wwwroot" date="2025-11-14T20:17:55.854" >
            <step title="Building" date="2025-11-14T20:17:56.126" >
              <step title="Executing external process" date="2025-11-14T20:17:56.935" type="process" path="starter.sh" arguments="/opt/Kudu/Scripts/parallel_rsync.sh /tmp/zipdeploy/extracted /home/site/wwwroot 8 /tmp/ False False  " /><!-- duration: 12318ms -->
              <step title="Modified file to trigger a restart of the app container." date="2025-11-14T20:18:09.707" /><!-- duration: 20ms -->
              <step title="Skip function trigger and logicapp sync because function is not enabled." date="2025-11-14T20:18:09.739" /><!-- duration: 10ms -->
            </step><!-- duration: 14800ms -->
          </step><!-- duration: 15075ms -->
          <step title="Cleaning up temp files" date="2025-11-14T20:18:10.932" /><!-- duration: 3ms -->
          <step title="Cleaning up temp files" date="2025-11-14T20:18:10.938" /><!-- duration: 504ms -->
          <step title="Reloading status file with latest updates" date="2025-11-14T20:18:11.466" >
            <step title="WebHooksManager.PublishEventAsync: PostDeployment" date="2025-11-14T20:18:11.469" /><!-- duration: 36ms -->
          </step><!-- duration: 49ms -->
          <step title="Cleaning up temporary deployment - fetch deployment was successful" date="2025-11-14T20:18:11.527" /><!-- duration: 2ms -->
        </step><!-- duration: 15876ms -->
      </step><!-- duration: 17978ms -->
