<step title="Incoming Request" date="2025-12-11T18:28:40.904" instance="8552f3" url="/api/zipdeploy?isAsync=true" method="POST" type="request" pid="835,1,5" Accept="*/*" Host="app-helwa-platform.scm.azurewebsites.net" User-Agent="AZURECLI/2.79.0 (MSI)" Accept-Encoding="gzip, deflate" Authorization="Bea..." Cache-Control="no-cache" Content-Type="application/octet-stream" Content-Length="22939106" x-ms-client-request-id="1d9b99fd-d6bf-11f0-a7c6-28d043c7c247" x-ms-artifact-checksum="a66a305138bcf23090fb024a8fea08aa334df8e073bd625347e2f4a978dd9def" X-ARR-LOG-ID="1d9b99fd-d6bf-11f0-a7c6-28d043c7c247" CLIENT-IP="73.246.188.64:54339" X-SITE-DEPLOYMENT-ID="app-helwa-platform" WAS-DEFAULT-HOSTNAME="app-helwa-platform.scm.azurewebsites.net" X-Forwarded-Proto="https" X-AppService-Proto="https" X-Forwarded-TlsVersion="1.3" X-WAWS-Unencoded-URL="/api/zipdeploy?isAsync=true" X-Client-IP="73.246.188.64" X-Client-Port="54339" >
  <step title="ZipPushDeploy" date="2025-12-11T18:28:50.294" >
    <step title="ZipDeploy. Extract zip." date="2025-12-11T18:28:50.322" /><!-- duration: 210ms -->
    <step title="None repository commit" date="2025-12-11T18:28:50.627" >
      <step title="Commit id: 5929d758-148c-4928-91a2-4ab614b9a7bd" date="2025-12-11T18:28:50.704" Message="N/A" AuthorName="N/A" AuthorEmail="N/A" /><!-- duration: 37ms -->
    </step><!-- duration: 246ms -->
    <step title="Starting PushDeployAsync" date="2025-12-11T18:28:51.014" /><!-- duration: 254ms -->
    <step title="Writing artifact to /tmp/zipdeploy/9f479d51-4f86-400a-b1ea-dd3f394e4748.zip" date="2025-12-11T18:28:51.791" >
      <step title="Writing multipart request body to /tmp/zipdeploy/9f479d51-4f86-400a-b1ea-dd3f394e4748.zip" date="2025-12-11T18:28:51.953" /><!-- duration: 65ms -->
    </step><!-- duration: 11866ms -->
    <step title="Start deployment in the background" date="2025-12-11T18:29:03.756" >
      <step title="Acquiring Deployment Lock" date="2025-12-11T18:29:03.886" /><!-- duration: 125ms -->
      <step title="Acquired Deployment Lock" date="2025-12-11T18:29:04.155" /><!-- duration: 9ms -->
    </step><!-- duration: 725ms -->
  </step><!-- duration: 14229ms -->
  <step title="Outgoing response" date="2025-12-11T18:29:04.593" type="response" statusCode="202" statusText="Accepted" /><!-- duration: 9ms -->
</step><!-- duration: 23708ms -->
