<step title="BackgroundTrace" date="2025-11-26T06:18:14.540" instance="5837db" url="/api/publish" method="POST" >
  <step title="Cleanup Xml Logs" date="2025-11-26T06:18:14.543" /><!-- duration: 8ms -->
  <step title="Creating temporary deployment - FetchDeploymentManager" date="2025-11-26T06:18:14.601" /><!-- duration: 2ms -->
  <step title="Creating temporary deployment" date="2025-11-26T06:18:14.606" /><!-- duration: 71ms -->
  <step title="Performing fetch based deployment" date="2025-11-26T06:18:14.697" >
    <step title="Cleaning up temp folders from previous zip deployments and extracting pushed zip file /tmp/zipdeploy/ed54f214-d3c6-4e57-8b24-f6b904a03282.zip (14.84 MB) to /tmp/zipdeploy/extracted" date="2025-11-26T06:18:15.842" >
      <step title="ChmodRecursive Process exited with total time taken in ms: 217" date="2025-11-26T06:18:18.697" /><!-- duration: 18ms -->
    </step><!-- duration: 2876ms -->
    <step title="Deployment timer started" date="2025-11-26T06:18:20.789" >
      <step title="DeploymentManager.Deploy(id:90493788-dd23-43e0-868c-cc8a7b7c6ffd)" date="2025-11-26T06:18:20.810" >
        <step title="Collecting changeset information" date="2025-11-26T06:18:20.851" /><!-- duration: 136ms -->
        <step title="Updating submodules" date="2025-11-26T06:18:20.992" /><!-- duration: 1149ms -->
        <step title="Determining deployment builder" date="2025-11-26T06:18:22.441" >
          <step title="Builder is OneDeployBuilder" date="2025-11-26T06:18:22.462" /><!-- duration: 51ms -->
        </step><!-- duration: 110ms -->
        <step title="PreDeployment: context.CleanOutputPath False" date="2025-11-26T06:18:22.622" >
          <step title="PreDeployment: context.OutputPath /home/site/wwwroot" date="2025-11-26T06:18:22.740" >
            <step title="Building" date="2025-11-26T06:18:22.856" >
              <step title="Executing external process" date="2025-11-26T06:18:24.041" type="process" path="starter.sh" arguments="/opt/Kudu/Scripts/absoluteTar.sh /tmp/zipdeploy/extracted/node_modules /tmp/zipdeploy/extracted/node_modules.tar.gz" /><!-- duration: 9547ms -->
              <step title="Executing external process" date="2025-11-26T06:18:33.862" type="process" path="starter.sh" arguments="/opt/Kudu/Scripts/parallel_rsync.sh /tmp/zipdeploy/extracted /home/site/wwwroot 8 /tmp/ False False node_modules " /><!-- duration: 6348ms -->
              <step title="Modified file to trigger a restart of the app container." date="2025-11-26T06:18:41.245" /><!-- duration: 10ms -->
              <step title="Skip function trigger and logicapp sync because function is not enabled." date="2025-11-26T06:18:41.283" /><!-- duration: 4ms -->
              <step title="Purge deployment items" date="2025-11-26T06:18:42.457" >
                <step title="Remove 101a8c9e-, Success, received at 11/14/2025 03:05:21" date="2025-11-26T06:18:42.526" /><!-- duration: 3ms -->
              </step><!-- duration: 76ms -->
            </step><!-- duration: 19751ms -->
          </step><!-- duration: 19872ms -->
          <step title="Cleaning up temp files" date="2025-11-26T06:18:42.616" /><!-- duration: 7ms -->
          <step title="Cleaning up temp files" date="2025-11-26T06:18:42.638" /><!-- duration: 514ms -->
          <step title="Reloading status file with latest updates" date="2025-11-26T06:18:43.173" >
            <step title="WebHooksManager.PublishEventAsync: PostDeployment" date="2025-11-26T06:18:43.180" /><!-- duration: 43ms -->
          </step><!-- duration: 52ms -->
          <step title="Cleaning up temporary deployment - fetch deployment was successful" date="2025-11-26T06:18:43.229" /><!-- duration: 3ms -->
        </step><!-- duration: 20671ms -->
      </step><!-- duration: 22493ms -->
