<step title="BackgroundTrace" date="2025-11-26T05:50:05.930" instance="5837db" url="/api/zipdeploy" method="POST" >
  <step title="Cleanup Xml Logs" date="2025-11-26T05:50:05.932" /><!-- duration: 38ms -->
  <step title="Creating temporary deployment - FetchDeploymentManager" date="2025-11-26T05:50:06.210" /><!-- duration: 19ms -->
  <step title="Creating temporary deployment" date="2025-11-26T05:50:06.239" /><!-- duration: 130ms -->
  <step title="Performing fetch based deployment" date="2025-11-26T05:50:06.866" >
    <step title="Cleaning up temp folders from previous zip deployments and extracting pushed zip file /tmp/zipdeploy/5be5c8fa-5968-4209-88f4-4ab578d55c15.zip (264.25 MB) to /tmp/zipdeploy/extracted" date="2025-11-26T05:50:08.214" >
      <step title="ChmodRecursive Process exited with total time taken in ms: 308" date="2025-11-26T05:50:16.694" /><!-- duration: 17ms -->
    </step><!-- duration: 8500ms -->
    <step title="Deployment timer started" date="2025-11-26T05:50:18.742" >
      <step title="DeploymentManager.Deploy(id:39a143f2-f976-48c1-9db5-3e7b62aea2a1)" date="2025-11-26T05:50:18.747" >
        <step title="Collecting changeset information" date="2025-11-26T05:50:18.790" /><!-- duration: 97ms -->
        <step title="Updating submodules" date="2025-11-26T05:50:18.892" /><!-- duration: 1103ms -->
        <step title="Determining deployment builder" date="2025-11-26T05:50:20.756" >
          <step title="Builder is BasicBuilder" date="2025-11-26T05:50:20.783" /><!-- duration: 2ms -->
        </step><!-- duration: 32ms -->
        <step title="PreDeployment: context.CleanOutputPath False" date="2025-11-26T05:50:20.856" >
          <step title="PreDeployment: context.OutputPath /home/site/wwwroot" date="2025-11-26T05:50:20.969" >
            <step title="Building" date="2025-11-26T05:50:21.203" >
              <step title="Executing external process" date="2025-11-26T05:50:21.510" type="process" path="starter.sh" arguments="/opt/Kudu/Scripts/parallel_rsync.sh /tmp/zipdeploy/extracted /home/site/wwwroot 8 /tmp/ False True  " /><!-- duration: 42007ms -->
              <step title="Triggering recycle (preview mode disabled)." date="2025-11-26T05:51:03.866" /><!-- duration: 8ms -->
              <step title="Modified file to trigger a restart of the app container." date="2025-11-26T05:51:03.904" /><!-- duration: 8ms -->
              <step title="Skip function trigger and logicapp sync because function is not enabled." date="2025-11-26T05:51:04.045" /><!-- duration: 67ms -->
              <step title="Purge deployment items" date="2025-11-26T05:51:06.333" >
                <step title="Remove 4ac72368-, Failed, received at 11/26/2025 05:41:50" date="2025-11-26T05:51:06.436" /><!-- duration: 2ms -->
                <step title="Remove ac615a7f-, Success, received at 11/13/2025 22:50:47" date="2025-11-26T05:51:06.559" /><!-- duration: 7ms -->
              </step><!-- duration: 242ms -->
            </step><!-- duration: 45462ms -->
          </step><!-- duration: 45705ms -->
          <step title="Cleaning up temp files" date="2025-11-26T05:51:06.677" /><!-- duration: 85ms -->
          <step title="Cleaning up temp files" date="2025-11-26T05:51:06.785" /><!-- duration: 540ms -->
          <step title="Reloading status file with latest updates" date="2025-11-26T05:51:07.546" >
            <step title="WebHooksManager.PublishEventAsync: PostDeployment" date="2025-11-26T05:51:07.557" /><!-- duration: 258ms -->
          </step><!-- duration: 372ms -->
          <step title="Cleaning up temporary deployment - fetch deployment was successful" date="2025-11-26T05:51:07.965" /><!-- duration: 10ms -->
        </step><!-- duration: 47288ms -->
      </step><!-- duration: 49488ms -->
