<step title="Incoming Request" date="2025-12-11T18:40:29.672" instance="8552f3" url="/api/publish?type=zip&amp;async=True" method="POST" type="request" pid="835,1,5" Accept="*/*" Host="app-helwa-platform.scm.azurewebsites.net" User-Agent="AZURECLI/2.79.0 (MSI)" Accept-Encoding="gzip, deflate" Authorization="Bea..." Cache-Control="no-cache" Content-Type="application/octet-stream" Cookie="ARRAffinity=8552f3a27b2935afce1dad9f6f98d4ca907c8db0d598f4decc70ff1202461e06; ARRAffinitySameSite=8552f3a27b2935afce1dad9f6f98d4ca907c8db0d598f4decc70ff1202461e06" Content-Length="22939106" x-ms-client-request-id="d668aacf-d6c0-11f0-95c2-28d043c7c247" x-ms-artifact-checksum="a66a305138bcf23090fb024a8fea08aa334df8e073bd625347e2f4a978dd9def" X-ARR-LOG-ID="d668aacf-d6c0-11f0-95c2-28d043c7c247" CLIENT-IP="73.246.188.64:59962" X-SITE-DEPLOYMENT-ID="app-helwa-platform" WAS-DEFAULT-HOSTNAME="app-helwa-platform.scm.azurewebsites.net" X-Forwarded-Proto="https" X-AppService-Proto="https" X-Forwarded-TlsVersion="1.3" X-WAWS-Unencoded-URL="/api/publish?type=zip&amp;async=True" X-Client-IP="73.246.188.64" X-Client-Port="59962" >
  <step title="Cleanup Xml Logs" date="2025-12-11T18:40:29.733" /><!-- duration: 151ms -->
  <step title="OneDeploy" date="2025-12-11T18:40:29.962" >
    <step title="Starting PushDeployAsync" date="2025-12-11T18:40:30.079" /><!-- duration: 12ms -->
    <step title="Writing artifact to /tmp/zipdeploy/b4e689e3-43bb-48d5-a501-f583eebcc5a6.zip" date="2025-12-11T18:40:30.121" >
      <step title="Writing multipart request body to /tmp/zipdeploy/b4e689e3-43bb-48d5-a501-f583eebcc5a6.zip" date="2025-12-11T18:40:30.169" /><!-- duration: 47ms -->
    </step><!-- duration: 11368ms -->
    <step title="Start deployment in the background" date="2025-12-11T18:40:41.558" >
      <step title="Acquiring Deployment Lock" date="2025-12-11T18:40:41.736" /><!-- duration: 10ms -->
      <step title="Acquired Deployment Lock" date="2025-12-11T18:40:41.863" /><!-- duration: 12ms -->
    </step><!-- duration: 467ms -->
  </step><!-- duration: 12072ms -->
  <step title="Outgoing response" date="2025-12-11T18:40:42.044" type="response" statusCode="202" statusText="Accepted" /><!-- duration: 21ms -->
</step><!-- duration: 12402ms -->
