<step title="Incoming Request" date="2025-11-26T06:18:12.423" instance="5837db" url="/api/publish?type=zip&amp;async=True" method="POST" type="request" pid="839,1,77" Accept="*/*" Host="app-helwa-platform.scm.azurewebsites.net" User-Agent="AZURECLI/2.76.0 (HOMEBREW)" Accept-Encoding="gzip, deflate" Authorization="Bea..." Cache-Control="no-cache" Content-Type="application/octet-stream" Cookie="ARRAffinity=5837dbf0cd93da7124a4888a3302cb855513c4227a93adf2094b4463a5227ab6; ARRAffinitySameSite=5837dbf0cd93da7124a4888a3302cb855513c4227a93adf2094b4463a5227ab6" Content-Length="15559429" x-ms-client-request-id="aae11940-ca8f-11f0-8125-3668d694405d" x-ms-artifact-checksum="86ded971540e30425131fc27d35da08d48bc725fd923b01c0e06c5c9a589e7fc" X-ARR-LOG-ID="aae11940-ca8f-11f0-8125-3668d694405d" CLIENT-IP="99.24.231.22:53338" X-SITE-DEPLOYMENT-ID="app-helwa-platform" WAS-DEFAULT-HOSTNAME="app-helwa-platform.scm.azurewebsites.net" X-Forwarded-Proto="https" X-AppService-Proto="https" X-Forwarded-TlsVersion="1.3" X-WAWS-Unencoded-URL="/api/publish?type=zip&amp;async=True" X-Client-IP="99.24.231.22" X-Client-Port="53338" >
  <step title="OneDeploy" date="2025-11-26T06:18:12.466" >
    <step title="Starting PushDeployAsync" date="2025-11-26T06:18:12.474" /><!-- duration: 3ms -->
    <step title="Writing artifact to /tmp/zipdeploy/ed54f214-d3c6-4e57-8b24-f6b904a03282.zip" date="2025-11-26T06:18:12.483" >
      <step title="Writing multipart request body to /tmp/zipdeploy/ed54f214-d3c6-4e57-8b24-f6b904a03282.zip" date="2025-11-26T06:18:12.485" /><!-- duration: 2ms -->
    </step><!-- duration: 2045ms -->
    <step title="Start deployment in the background" date="2025-11-26T06:18:14.537" >
      <step title="Acquiring Deployment Lock" date="2025-11-26T06:18:14.568" /><!-- duration: 4ms -->
      <step title="Acquired Deployment Lock" date="2025-11-26T06:18:14.596" /><!-- duration: 3ms -->
    </step><!-- duration: 142ms -->
  </step><!-- duration: 2217ms -->
  <step title="Outgoing response" date="2025-11-26T06:18:14.686" type="response" statusCode="202" statusText="Accepted" /><!-- duration: 2ms -->
</step><!-- duration: 2267ms -->
