<step title="Incoming Request" date="2025-11-26T05:49:36.484" instance="5837db" url="/api/zipdeploy?isAsync=true" method="POST" type="request" pid="839,1,15" Accept="*/*" Host="app-helwa-platform.scm.azurewebsites.net" User-Agent="AZURECLI/2.79.0 (MSI)" Accept-Encoding="gzip, deflate" Authorization="Bea..." Cache-Control="no-cache" Content-Type="application/octet-stream" Content-Length="277082817" x-ms-client-request-id="a66c442c-ca8b-11f0-abdc-2ad043c7c246" x-ms-artifact-checksum="0c3044599d04b041efb297b77bbd6ebde080fbc5762f54b5a7984e058fd49856" X-ARR-LOG-ID="a66c442c-ca8b-11f0-abdc-2ad043c7c246" CLIENT-IP="73.246.188.64:57575" X-SITE-DEPLOYMENT-ID="app-helwa-platform" WAS-DEFAULT-HOSTNAME="app-helwa-platform.scm.azurewebsites.net" X-Forwarded-Proto="https" X-AppService-Proto="https" X-Forwarded-TlsVersion="1.3" X-WAWS-Unencoded-URL="/api/zipdeploy?isAsync=true" X-Client-IP="73.246.188.64" X-Client-Port="57575" >
  <step title="Cleanup Xml Logs" date="2025-11-26T05:49:36.486" /><!-- duration: 7ms -->
  <step title="ZipPushDeploy" date="2025-11-26T05:49:36.623" >
    <step title="ZipDeploy. Extract zip." date="2025-11-26T05:49:36.635" /><!-- duration: 2ms -->
    <step title="Starting PushDeployAsync" date="2025-11-26T05:49:36.656" /><!-- duration: 8ms -->
    <step title="Writing artifact to /tmp/zipdeploy/5be5c8fa-5968-4209-88f4-4ab578d55c15.zip" date="2025-11-26T05:49:36.673" >
      <step title="Writing multipart request body to /tmp/zipdeploy/5be5c8fa-5968-4209-88f4-4ab578d55c15.zip" date="2025-11-26T05:49:36.683" /><!-- duration: 3ms -->
    </step><!-- duration: 29086ms -->
    <step title="Removing previous build artifact&apos;s manifest file" date="2025-11-26T05:50:05.801" >
      <step title="Start deployment in the background" date="2025-11-26T05:50:05.869" >
        <step title="Acquiring Deployment Lock" date="2025-11-26T05:50:06.028" /><!-- duration: 3ms -->
        <step title="Acquired Deployment Lock" date="2025-11-26T05:50:06.119" /><!-- duration: 40ms -->
      </step><!-- duration: 547ms -->
    </step><!-- duration: 843ms -->
    <step title="Outgoing response" date="2025-11-26T05:50:06.764" type="response" statusCode="202" statusText="Accepted" /><!-- duration: 32ms -->
  </step><!-- duration: 30193ms -->
