<step title="Incoming Request" date="2025-11-14T02:38:39.390" instance="5837db" url="/api/publish?type=zip" method="POST" type="request" pid="837,1,77" Accept="*/*" Host="app-helwa-platform.scm.azurewebsites.net" User-Agent="AZURECLI/2.76.0 (HOMEBREW)" Accept-Encoding="gzip, deflate" Authorization="Bea..." Cache-Control="no-cache" Content-Type="application/octet-stream" Cookie="ARRAffinity=5837dbf0cd93da7124a4888a3302cb855513c4227a93adf2094b4463a5227ab6; ARRAffinitySameSite=5837dbf0cd93da7124a4888a3302cb855513c4227a93adf2094b4463a5227ab6" Content-Length="15684144" x-ms-client-request-id="fab317ac-c102-11f0-b326-3668d694405d" x-ms-artifact-checksum="94bfef033258dc2becd2e28fc7ca610023487bd307d538707371b58b971763e1" X-ARR-LOG-ID="fab317ac-c102-11f0-b326-3668d694405d" CLIENT-IP="99.24.231.22:61913" X-SITE-DEPLOYMENT-ID="app-helwa-platform" WAS-DEFAULT-HOSTNAME="app-helwa-platform.scm.azurewebsites.net" X-Forwarded-Proto="https" X-AppService-Proto="https" X-Forwarded-TlsVersion="1.3" X-WAWS-Unencoded-URL="/api/publish?type=zip" X-Client-IP="99.24.231.22" X-Client-Port="61913" >
  <step title="Cleanup Xml Logs" date="2025-11-14T02:38:39.399" /><!-- duration: 20ms -->
  <step title="OneDeploy" date="2025-11-14T02:38:39.767" >
    <step title="None repository commit" date="2025-11-14T02:38:39.807" >
      <step title="Commit id: 2c3de5e5-f3c5-44d2-9ed5-b74fa678a786" date="2025-11-14T02:38:39.810" Message="N/A" AuthorName="N/A" AuthorEmail="N/A" /><!-- duration: 4ms -->
    </step><!-- duration: 10ms -->
    <step title="Starting PushDeployAsync" date="2025-11-14T02:38:39.820" /><!-- duration: 4ms -->
    <step title="Removing node_modules symlink" date="2025-11-14T02:38:39.925" >
      <step title="Removing _del_node_modules symlink" date="2025-11-14T02:38:40.039" >
        <step title="Writing artifact to /tmp/zipdeploy/cd4a5bf3-de9a-4cc4-ad59-de4321e5cdad.zip" date="2025-11-14T02:38:40.097" >
          <step title="Writing multipart request body to /tmp/zipdeploy/cd4a5bf3-de9a-4cc4-ad59-de4321e5cdad.zip" date="2025-11-14T02:38:40.124" /><!-- duration: 19ms -->
        </step><!-- duration: 4477ms -->
        <step title="Attempting to fetch target branch HEAD" date="2025-11-14T02:38:44.592" /><!-- duration: 2ms -->
        <step title="Acquiring Deployment Lock" date="2025-11-14T02:38:44.601" /><!-- duration: 12ms -->
        <step title="Acquired Deployment Lock" date="2025-11-14T02:38:44.689" /><!-- duration: 3ms -->
        <step title="Performing fetch based deployment" date="2025-11-14T02:38:44.701" >
          <step title="Creating temporary deployment" date="2025-11-14T02:38:44.707" /><!-- duration: 113ms -->
          <step title="Releasing Deployment Lock" date="2025-11-14T02:38:46.036" /><!-- duration: 10ms -->
          <step title="Cleaning up temp folders from previous zip deployments and extracting pushed zip file /tmp/zipdeploy/cd4a5bf3-de9a-4cc4-ad59-de4321e5cdad.zip (14.96 MB) to /tmp/zipdeploy/extracted" date="2025-11-14T02:38:46.113" >
            <step title="ChmodRecursive Process exited with total time taken in ms: 198" date="2025-11-14T02:38:50.113" /><!-- duration: 21ms -->
          </step><!-- duration: 4025ms -->
          <step title="None repository commit" date="2025-11-14T02:38:50.141" >
            <step title="Commit id: 2c3de5e5-f3c5-44d2-9ed5-b74fa678a786" date="2025-11-14T02:38:50.143" Message="OneDeploy" AuthorName="N/A" AuthorEmail="N/A" /><!-- duration: 4ms -->
          </step><!-- duration: 8ms -->
          <step title="Deployment timer started" date="2025-11-14T02:38:52.182" >
            <step title="DeploymentManager.Deploy(id:2c3de5e5-f3c5-44d2-9ed5-b74fa678a786)" date="2025-11-14T02:38:52.203" >
              <step title="Collecting changeset information" date="2025-11-14T02:38:52.225" /><!-- duration: 103ms -->
              <step title="Updating submodules" date="2025-11-14T02:38:52.332" /><!-- duration: 1151ms -->
              <step title="Determining deployment builder" date="2025-11-14T02:38:53.743" >
                <step title="Builder is OneDeployBuilder" date="2025-11-14T02:38:53.768" /><!-- duration: 4ms -->
              </step><!-- duration: 36ms -->
              <step title="PreDeployment: context.CleanOutputPath False" date="2025-11-14T02:38:53.838" >
                <step title="PreDeployment: context.OutputPath /home/site/wwwroot" date="2025-11-14T02:38:53.960" >
                  <step title="Building" date="2025-11-14T02:38:54.129" >
                    <step title="Executing external process" date="2025-11-14T02:38:54.928" type="process" path="starter.sh" arguments="/opt/Kudu/Scripts/absoluteTar.sh /tmp/zipdeploy/extracted/node_modules /tmp/zipdeploy/extracted/node_modules.tar.gz" /><!-- duration: 16776ms -->
                    <step title="Executing external process" date="2025-11-14T02:39:12.069" type="process" path="starter.sh" arguments="/opt/Kudu/Scripts/parallel_rsync.sh /tmp/zipdeploy/extracted /home/site/wwwroot 8 /tmp/ False False node_modules " /><!-- duration: 7395ms -->
                    <step title="Modified file to trigger a restart of the app container." date="2025-11-14T02:39:20.402" /><!-- duration: 9ms -->
                    <step title="Skip function trigger and logicapp sync because function is not enabled." date="2025-11-14T02:39:20.450" /><!-- duration: 2ms -->
                  </step><!-- duration: 27120ms -->
                </step><!-- duration: 27294ms -->
                <step title="Cleaning up temp files" date="2025-11-14T02:39:21.257" /><!-- duration: 4ms -->
                <step title="Cleaning up temp files" date="2025-11-14T02:39:21.263" /><!-- duration: 518ms -->
                <step title="Reloading status file with latest updates" date="2025-11-14T02:39:21.828" >
                  <step title="WebHooksManager.PublishEventAsync: PostDeployment" date="2025-11-14T02:39:21.836" /><!-- duration: 249ms -->
                </step><!-- duration: 286ms -->
                <step title="Cleaning up temporary deployment - fetch deployment was successful" date="2025-11-14T02:39:22.183" /><!-- duration: 19ms -->
              </step><!-- duration: 28427ms -->
            </step><!-- duration: 30073ms -->
            <step title="Outgoing response" date="2025-11-14T02:39:22.295" type="response" statusCode="200" statusText="OK" /><!-- duration: 9ms -->
          </step><!-- duration: 30138ms -->
