<step title="Incoming Request" date="2025-11-14T03:19:58.518" instance="5837db" url="/api/publish?type=zip" method="POST" type="request" pid="833,1,5" Accept="*/*" Host="app-helwa-platform.scm.azurewebsites.net" User-Agent="AZURECLI/2.76.0 (HOMEBREW)" Accept-Encoding="gzip, deflate" Authorization="Bea..." Cache-Control="no-cache" Content-Type="application/octet-stream" Cookie="ARRAffinity=5837dbf0cd93da7124a4888a3302cb855513c4227a93adf2094b4463a5227ab6; ARRAffinitySameSite=5837dbf0cd93da7124a4888a3302cb855513c4227a93adf2094b4463a5227ab6" Content-Length="15697476" x-ms-client-request-id="c62595a4-c108-11f0-9095-3668d694405d" x-ms-artifact-checksum="4f94c9d24dfdca573ed13b9230bf1e72b32ce5eba3f18cc0f7daa1828c377881" X-ARR-LOG-ID="c62595a4-c108-11f0-9095-3668d694405d" CLIENT-IP="99.24.231.22:49570" X-SITE-DEPLOYMENT-ID="app-helwa-platform" WAS-DEFAULT-HOSTNAME="app-helwa-platform.scm.azurewebsites.net" X-Forwarded-Proto="https" X-AppService-Proto="https" X-Forwarded-TlsVersion="1.3" X-WAWS-Unencoded-URL="/api/publish?type=zip" X-Client-IP="99.24.231.22" X-Client-Port="49570" >
  <step title="OneDeploy" date="2025-11-14T03:19:58.635" >
    <step title="Starting PushDeployAsync" date="2025-11-14T03:19:58.725" /><!-- duration: 3ms -->
    <step title="Removing node_modules symlink" date="2025-11-14T03:19:58.737" >
      <step title="Writing artifact to /tmp/zipdeploy/423c3c7a-b79a-4ad1-979c-12139ec9d41a.zip" date="2025-11-14T03:19:58.816" >
        <step title="Writing multipart request body to /tmp/zipdeploy/423c3c7a-b79a-4ad1-979c-12139ec9d41a.zip" date="2025-11-14T03:19:58.822" /><!-- duration: 10ms -->
      </step><!-- duration: 5723ms -->
      <step title="Attempting to fetch target branch HEAD" date="2025-11-14T03:20:04.681" /><!-- duration: 19ms -->
      <step title="Acquiring Deployment Lock" date="2025-11-14T03:20:04.762" /><!-- duration: 36ms -->
      <step title="Acquired Deployment Lock" date="2025-11-14T03:20:04.861" /><!-- duration: 38ms -->
      <step title="Performing fetch based deployment" date="2025-11-14T03:20:04.931" >
        <step title="Creating temporary deployment" date="2025-11-14T03:20:04.972" /><!-- duration: 179ms -->
        <step title="Releasing Deployment Lock" date="2025-11-14T03:20:06.717" /><!-- duration: 17ms -->
        <step title="Cleaning up temp folders from previous zip deployments and extracting pushed zip file /tmp/zipdeploy/423c3c7a-b79a-4ad1-979c-12139ec9d41a.zip (14.97 MB) to /tmp/zipdeploy/extracted" date="2025-11-14T03:20:06.845" >
          <step title="ChmodRecursive Process exited with total time taken in ms: 149" date="2025-11-14T03:20:10.499" /><!-- duration: 20ms -->
        </step><!-- duration: 3677ms -->
        <step title="None repository commit" date="2025-11-14T03:20:10.529" >
          <step title="Commit id: 74ad41f3-e89f-42d8-9dd1-dd577ae88b60" date="2025-11-14T03:20:10.540" Message="OneDeploy" AuthorName="N/A" AuthorEmail="N/A" /><!-- duration: 18ms -->
        </step><!-- duration: 52ms -->
        <step title="Deployment timer started" date="2025-11-14T03:20:12.590" >
          <step title="DeploymentManager.Deploy(id:74ad41f3-e89f-42d8-9dd1-dd577ae88b60)" date="2025-11-14T03:20:12.599" >
            <step title="Collecting changeset information" date="2025-11-14T03:20:12.617" /><!-- duration: 102ms -->
            <step title="Updating submodules" date="2025-11-14T03:20:12.724" /><!-- duration: 1129ms -->
            <step title="Determining deployment builder" date="2025-11-14T03:20:14.055" >
              <step title="Builder is OneDeployBuilder" date="2025-11-14T03:20:14.073" /><!-- duration: 3ms -->
            </step><!-- duration: 27ms -->
            <step title="PreDeployment: context.CleanOutputPath False" date="2025-11-14T03:20:14.130" >
              <step title="PreDeployment: context.OutputPath /home/site/wwwroot" date="2025-11-14T03:20:14.286" >
                <step title="Building" date="2025-11-14T03:20:14.446" >
                  <step title="Executing external process" date="2025-11-14T03:20:15.382" type="process" path="starter.sh" arguments="/opt/Kudu/Scripts/absoluteTar.sh /tmp/zipdeploy/extracted/node_modules /tmp/zipdeploy/extracted/node_modules.tar.gz" /><!-- duration: 10218ms -->
                  <step title="Executing external process" date="2025-11-14T03:20:25.854" type="process" path="starter.sh" arguments="/opt/Kudu/Scripts/parallel_rsync.sh /tmp/zipdeploy/extracted /home/site/wwwroot 8 /tmp/ False False node_modules " /><!-- duration: 6022ms -->
                  <step title="Modified file to trigger a restart of the app container." date="2025-11-14T03:20:32.663" /><!-- duration: 2ms -->
                  <step title="Skip function trigger and logicapp sync because function is not enabled." date="2025-11-14T03:20:32.668" /><!-- duration: 2ms -->
                </step><!-- duration: 19335ms -->
              </step><!-- duration: 19500ms -->
              <step title="Cleaning up temp files" date="2025-11-14T03:20:33.788" /><!-- duration: 3ms -->
              <step title="Cleaning up temp files" date="2025-11-14T03:20:33.793" /><!-- duration: 526ms -->
              <step title="Reloading status file with latest updates" date="2025-11-14T03:20:34.359" >
                <step title="WebHooksManager.PublishEventAsync: PostDeployment" date="2025-11-14T03:20:34.362" /><!-- duration: 20ms -->
              </step><!-- duration: 25ms -->
              <step title="Cleaning up temporary deployment - fetch deployment was successful" date="2025-11-14T03:20:34.389" /><!-- duration: 3ms -->
            </step><!-- duration: 20315ms -->
          </step><!-- duration: 21850ms -->
          <step title="Outgoing response" date="2025-11-14T03:20:34.455" type="response" statusCode="200" statusText="OK" /><!-- duration: 3ms -->
        </step><!-- duration: 21870ms -->
