<step title="BackgroundTrace" date="2025-12-11T18:40:41.576" instance="8552f3" url="/api/publish" method="POST" >
  <step title="Cleanup Xml Logs" date="2025-12-11T18:40:41.604" /><!-- duration: 83ms -->
  <step title="Creating temporary deployment - FetchDeploymentManager" date="2025-12-11T18:40:41.882" /><!-- duration: 3ms -->
  <step title="Creating temporary deployment" date="2025-12-11T18:40:41.905" /><!-- duration: 111ms -->
  <step title="Performing fetch based deployment" date="2025-12-11T18:40:42.141" >
    <step title="Cleaning up temp folders from previous zip deployments and extracting pushed zip file /tmp/zipdeploy/b4e689e3-43bb-48d5-a501-f583eebcc5a6.zip (21.88 MB) to /tmp/zipdeploy/extracted" date="2025-12-11T18:40:43.985" >
      <step title="ChmodRecursive Process exited with total time taken in ms: 745" date="2025-12-11T18:41:07.308" /><!-- duration: 21ms -->
    </step><!-- duration: 23524ms -->
    <step title="Deployment timer started" date="2025-12-11T18:41:09.708" >
      <step title="DeploymentManager.Deploy(id:047c0a6b-2ace-4f6b-aeac-158652bd21a1)" date="2025-12-11T18:41:09.836" >
        <step title="Collecting changeset information" date="2025-12-11T18:41:10.038" /><!-- duration: 540ms -->
        <step title="Updating submodules" date="2025-12-11T18:41:10.716" /><!-- duration: 1740ms -->
        <step title="Determining deployment builder" date="2025-12-11T18:41:13.852" >
          <step title="Builder is OneDeployBuilder" date="2025-12-11T18:41:13.967" /><!-- duration: 22ms -->
        </step><!-- duration: 203ms -->
        <step title="PreDeployment: context.CleanOutputPath False" date="2025-12-11T18:41:14.402" >
          <step title="PreDeployment: context.OutputPath /home/site/wwwroot" date="2025-12-11T18:41:15.461" >
            <step title="Building" date="2025-12-11T18:41:16.192" >
              <step title="Executing external process" date="2025-12-11T18:41:18.530" type="process" path="starter.sh" arguments="/opt/Kudu/Scripts/parallel_rsync.sh /tmp/zipdeploy/extracted /home/site/wwwroot 8 /tmp/ False False  " 