<step title="Incoming Request" date="2025-11-26T03:55:40.580" instance="5837db" url="/api/publish?type=zip" method="POST" type="request" pid="839,1,48" Accept="*/*" Host="app-helwa-platform.scm.azurewebsites.net" User-Agent="AZURECLI/2.79.0 (MSI)" Accept-Encoding="gzip, deflate" Authorization="Bea..." Cache-Control="no-cache" Content-Type="application/octet-stream" Cookie="ARRAffinity=5837dbf0cd93da7124a4888a3302cb855513c4227a93adf2094b4463a5227ab6; ARRAffinitySameSite=5837dbf0cd93da7124a4888a3302cb855513c4227a93adf2094b4463a5227ab6" Content-Length="15666956" x-ms-client-request-id="bc61efed-ca7b-11f0-802a-2ad043c7c246" x-ms-artifact-checksum="884c4511f8aa342b95f576318423521d982a321093a00eb411c7937f6df8ff4c" X-ARR-LOG-ID="bc61efed-ca7b-11f0-802a-2ad043c7c246" CLIENT-IP="73.246.188.64:64295" X-SITE-DEPLOYMENT-ID="app-helwa-platform" WAS-DEFAULT-HOSTNAME="app-helwa-platform.scm.azurewebsites.net" X-Forwarded-Proto="https" X-AppService-Proto="https" X-Forwarded-TlsVersion="1.3" X-WAWS-Unencoded-URL="/api/publish?type=zip" X-Client-IP="73.246.188.64" X-Client-Port="64295" >
  <step title="Cleanup Xml Logs" date="2025-11-26T03:55:40.653" /><!-- duration: 54ms -->
  <step title="OneDeploy" date="2025-11-26T03:55:41.213" >
    <step title="Starting PushDeployAsync" date="2025-11-26T03:55:41.315" /><!-- duration: 2ms -->
    <step title="Removing node_modules symlink" date="2025-11-26T03:55:41.367" >
      <step title="Writing artifact to /tmp/zipdeploy/895eb93d-5a94-418f-875c-6aef7c3404b1.zip" date="2025-11-26T03:55:41.728" >
        <step title="Writing multipart request body to /tmp/zipdeploy/895eb93d-5a94-418f-875c-6aef7c3404b1.zip" date="2025-11-26T03:55:41.738" /><!-- duration: 17ms -->
      </step><!-- duration: 941ms -->
      <step title="Attempting to fetch target branch HEAD" date="2025-11-26T03:55:42.720" /><!-- duration: 2ms -->
      <step title="Acquiring Deployment Lock" date="2025-11-26T03:55:42.726" /><!-- duration: 2ms -->
      <step title="Acquired Deployment Lock" date="2025-11-26T03:55:42.771" /><!-- duration: 4ms -->
      <step title="Performing fetch based deployment" date="2025-11-26T03:55:42.780" >
        <step title="Creating temporary deployment" date="2025-11-26T03:55:42.782" /><!-- duration: 69ms -->
        <step title="Releasing Deployment Lock" date="2025-11-26T03:55:44.049" /><!-- duration: 7ms -->
        <step title="Cleaning up temp folders from previous zip deployments and extracting pushed zip file /tmp/zipdeploy/895eb93d-5a94-418f-875c-6aef7c3404b1.zip (14.94 MB) to /tmp/zipdeploy/extracted" date="2025-11-26T03:55:44.121" >
          <step title="ChmodRecursive Process exited with total time taken in ms: 169" date="2025-11-26T03:55:46.614" /><!-- duration: 4ms -->
        </step><!-- duration: 2501ms -->
        <step title="None repository commit" date="2025-11-26T03:55:46.625" >
          <step title="Commit id: 539fdc13-797a-439b-95b5-69afae4b9b0a" date="2025-11-26T03:55:46.643" Message="OneDeploy" AuthorName="N/A" AuthorEmail="N/A" /><!-- duration: 3ms -->
        </step><!-- duration: 30ms -->
        <step title="Deployment timer started" date="2025-11-26T03:55:48.671" >
          <step title="DeploymentManager.Deploy(id:539fdc13-797a-439b-95b5-69afae4b9b0a)" date="2025-11-26T03:55:48.675" >
            <step title="Collecting changeset information" date="2025-11-26T03:55:48.695" /><!-- duration: 152ms -->
            <step title="Updating submodules" date="2025-11-26T03:55:48.851" /><!-- duration: 1126ms -->
            <step title="Determining deployment builder" date="2025-11-26T03:55:50.230" >
              <step title="Builder is OneDeployBuilder" date="2025-11-26T03:55:50.243" /><!-- duration: 2ms -->
            </step><!-- duration: 18ms -->
            <step title="PreDeployment: context.CleanOutputPath False" date="2025-11-26T03:55:50.302" >
              <step title="PreDeployment: context.OutputPath /home/site/wwwroot" date="2025-11-26T03:55:50.441" >
                <step title="Building" date="2025-11-26T03:55:50.635" >
                  <step title="Executing external process" date="2025-11-26T03:55:51.372" type="process" path="starter.sh" arguments="/opt/Kudu/Scripts/absoluteTar.sh /tmp/zipdeploy/extracted/node_modules /tmp/zipdeploy/extracted/node_modules.tar.gz" /><!-- duration: 9089ms -->
                  <step title="Executing external process" date="2025-11-26T03:56:00.697" type="process" path="starter.sh" arguments="/opt/Kudu/Scripts/parallel_rsync.sh /tmp/zipdeploy/extracted /home/site/wwwroot 8 /tmp/ False False node_modules " /><!-- duration: 8590ms -->
                  <step title="Modified file to trigger a restart of the app container." date="2025-11-26T03:56:10.041" /><!-- duration: 2ms -->
                  <step title="Skip function trigger and logicapp sync because function is not enabled." date="2025-11-26T03:56:10.050" /><!-- duration: 3ms -->
                  <step title="Purge deployment items" date="2025-11-26T03:56:11.341" >
                    <step title="Remove b110d306-, Success, received at 11/13/2025 22:18:56" date="2025-11-26T03:56:11.422" /><!-- duration: 3ms -->
                  </step><!-- duration: 92ms -->
                </step><!-- duration: 20864ms -->
              </step><!-- duration: 21062ms -->
              <step title="Cleaning up temp files" date="2025-11-26T03:56:11.505" /><!-- duration: 4ms -->
              <step title="Cleaning up temp files" date="2025-11-26T03:56:11.545" /><!-- duration: 506ms -->
              <step title="Reloading status file with latest updates" date="2025-11-26T03:56:12.094" >
                <step title="WebHooksManager.PublishEventAsync: PostDeployment" date="2025-11-26T03:56:12.098" /><!-- duration: 93ms -->
              </step><!-- duration: 116ms -->
              <step title="Cleaning up temporary deployment - fetch deployment was successful" date="2025-11-26T03:56:12.223" /><!-- duration: 2ms -->
            </step><!-- duration: 21987ms -->
          </step><!-- duration: 23619ms -->
          <step title="Outgoing response" date="2025-11-26T03:56:12.306" type="response" statusCode="200" statusText="OK" /><!-- duration: 3ms -->
        </step><!-- duration: 23640ms -->
