<step title="Incoming Request" date="2025-11-14T16:37:48.948" instance="5837db" url="/api/publish?type=zip" method="POST" type="request" pid="839,1,50" Accept="*/*" Host="app-helwa-platform.scm.azurewebsites.net" User-Agent="AZURECLI/2.76.0 (HOMEBREW)" Accept-Encoding="gzip, deflate" Authorization="Bea..." Cache-Control="no-cache" Content-Type="application/octet-stream" Cookie="ARRAffinity=5837dbf0cd93da7124a4888a3302cb855513c4227a93adf2094b4463a5227ab6; ARRAffinitySameSite=5837dbf0cd93da7124a4888a3302cb855513c4227a93adf2094b4463a5227ab6" Content-Length="29979323" x-ms-client-request-id="38758a50-c178-11f0-8f1b-3668d694405d" x-ms-artifact-checksum="b8054690b0751b50805602fa308579decff352d7455f639a5e08b5eb8ae69a7a" X-ARR-LOG-ID="38758a50-c178-11f0-8f1b-3668d694405d" CLIENT-IP="99.24.231.22:56204" X-SITE-DEPLOYMENT-ID="app-helwa-platform" WAS-DEFAULT-HOSTNAME="app-helwa-platform.scm.azurewebsites.net" X-Forwarded-Proto="https" X-AppService-Proto="https" X-Forwarded-TlsVersion="1.3" X-WAWS-Unencoded-URL="/api/publish?type=zip" X-Client-IP="99.24.231.22" X-Client-Port="56204" >
  <step title="Cleanup Xml Logs" date="2025-11-14T16:37:48.971" /><!-- duration: 6ms -->
  <step title="OneDeploy" date="2025-11-14T16:37:49.073" >
    <step title="Starting PushDeployAsync" date="2025-11-14T16:37:49.133" /><!-- duration: 4ms -->
    <step title="Removing node_modules symlink" date="2025-11-14T16:37:49.186" >
      <step title="Writing artifact to /tmp/zipdeploy/501e08bf-c66c-4461-ba84-4813115b0efc.zip" date="2025-11-14T16:37:49.425" >
        <step title="Writing multipart request body to /tmp/zipdeploy/501e08bf-c66c-4461-ba84-4813115b0efc.zip" date="2025-11-14T16:37:49.435" /><!-- duration: 10ms -->
      </step><!-- duration: 1443ms -->
      <step title="Attempting to fetch target branch HEAD" date="2025-11-14T16:37:50.889" /><!-- duration: 2ms -->
      <step title="Acquiring Deployment Lock" date="2025-11-14T16:37:50.901" /><!-- duration: 8ms -->
      <step title="Acquired Deployment Lock" date="2025-11-14T16:37:50.937" /><!-- duration: 3ms -->
      <step title="Performing fetch based deployment" date="2025-11-14T16:37:50.947" >
        <step title="Creating temporary deployment" date="2025-11-14T16:37:50.968" /><!-- duration: 190ms -->
        <step title="Releasing Deployment Lock" date="2025-11-14T16:37:52.422" /><!-- duration: 9ms -->
        <step title="Cleaning up temp folders from previous zip deployments and extracting pushed zip file /tmp/zipdeploy/501e08bf-c66c-4461-ba84-4813115b0efc.zip (28.59 MB) to /tmp/zipdeploy/extracted" date="2025-11-14T16:37:52.451" >
          <step title="ChmodRecursive Process exited with total time taken in ms: 197" date="2025-11-14T16:37:57.451" /><!-- duration: 5ms -->
        </step><!-- duration: 5010ms -->
        <step title="None repository commit" date="2025-11-14T16:37:57.498" >
          <step title="Commit id: 73e25ba5-a18a-4a0f-9a96-b8314a227f74" date="2025-11-14T16:37:57.519" Message="OneDeploy" AuthorName="N/A" AuthorEmail="N/A" /><!-- duration: 4ms -->
        </step><!-- duration: 26ms -->
        <step title="Deployment timer started" date="2025-11-14T16:37:59.537" >
          <step title="DeploymentManager.Deploy(id:73e25ba5-a18a-4a0f-9a96-b8314a227f74)" date="2025-11-14T16:37:59.542" >
            <step title="Collecting changeset information" date="2025-11-14T16:37:59.578" /><!-- duration: 91ms -->
            <step title="Updating submodules" date="2025-11-14T16:37:59.674" /><!-- duration: 1154ms -->
            <step title="Determining deployment builder" date="2025-11-14T16:38:01.040" >
              <step title="Builder is OneDeployBuilder" date="2025-11-14T16:38:01.108" /><!-- duration: 3ms -->
            </step><!-- duration: 74ms -->
            <step title="PreDeployment: context.CleanOutputPath False" date="2025-11-14T16:38:01.159" >
              <step title="PreDeployment: context.OutputPath /home/site/wwwroot" date="2025-11-14T16:38:01.358" >
                <step title="Building" date="2025-11-14T16:38:01.644" >
                  <step title="Executing external process" date="2025-11-14T16:38:03.634" type="process" path="starter.sh" arguments="/opt/Kudu/Scripts/absoluteTar.sh /tmp/zipdeploy/extracted/node_modules /tmp/zipdeploy/extracted/node_modules.tar.gz" /><!-- duration: 12343ms -->
                  <step title="Executing external process" date="2025-11-14T16:38:16.332" type="process" path="starter.sh" arguments="/opt/Kudu/Scripts/parallel_rsync.sh /tmp/zipdeploy/extracted /home/site/wwwroot 8 /tmp/ False False node_modules " /><!-- duration: 7389ms -->
                  <step title="Modified file to trigger a restart of the app container." date="2025-11-14T16:38:24.626" /><!-- duration: 3ms -->
                  <step title="Skip function trigger and logicapp sync because function is not enabled." date="2025-11-14T16:38:24.633" /><!-- duration: 2ms -->
                </step><!-- duration: 24094ms -->
              </step><!-- duration: 24384ms -->
              <step title="Cleaning up temp files" date="2025-11-14T16:38:25.745" /><!-- duration: 3ms -->
              <step title="Cleaning up temp files" date="2025-11-14T16:38:25.749" /><!-- duration: 509ms -->
              <step title="Reloading status file with latest updates" date="2025-11-14T16:38:26.278" >
                <step title="WebHooksManager.PublishEventAsync: PostDeployment" date="2025-11-14T16:38:26.280" /><!-- duration: 43ms -->
              </step><!-- duration: 47ms -->
              <step title="Cleaning up temporary deployment - fetch deployment was successful" date="2025-11-14T16:38:26.328" /><!-- duration: 2ms -->
            </step><!-- duration: 25217ms -->
          </step><!-- duration: 26836ms -->
          <step title="Outgoing response" date="2025-11-14T16:38:26.393" type="response" statusCode="200" statusText="OK" /><!-- duration: 7ms -->
        </step><!-- duration: 26884ms -->
