<step title="Incoming Request" date="2025-11-26T06:08:13.679" instance="5837db" url="/api/publish?type=zip&amp;async=True" method="POST" type="request" pid="839,1,63" Accept="*/*" Host="app-helwa-platform.scm.azurewebsites.net" User-Agent="AZURECLI/2.76.0 (HOMEBREW)" Accept-Encoding="gzip, deflate" Authorization="Bea..." Cache-Control="no-cache" Content-Type="application/octet-stream" Cookie="ARRAffinity=5837dbf0cd93da7124a4888a3302cb855513c4227a93adf2094b4463a5227ab6; ARRAffinitySameSite=5837dbf0cd93da7124a4888a3302cb855513c4227a93adf2094b4463a5227ab6" Content-Length="31923775" x-ms-client-request-id="449f64d0-ca8e-11f0-a34b-3668d694405d" x-ms-artifact-checksum="de3cbdf818bfa2c89e75ee06fad5aae2f074aae6e4172a0b6e35c1f537940482" X-ARR-LOG-ID="449f64d0-ca8e-11f0-a34b-3668d694405d" CLIENT-IP="99.24.231.22:50835" X-SITE-DEPLOYMENT-ID="app-helwa-platform" WAS-DEFAULT-HOSTNAME="app-helwa-platform.scm.azurewebsites.net" X-Forwarded-Proto="https" X-AppService-Proto="https" X-Forwarded-TlsVersion="1.3" X-WAWS-Unencoded-URL="/api/publish?type=zip&amp;async=True" X-Client-IP="99.24.231.22" X-Client-Port="50835" >
  <step title="OneDeploy" date="2025-11-26T06:08:13.708" >
    <step title="Starting PushDeployAsync" date="2025-11-26T06:08:13.713" /><!-- duration: 4ms -->
    <step title="Writing artifact to /tmp/zipdeploy/be744ed7-dd4a-4ef6-b540-7fcf957feb80.zip" date="2025-11-26T06:08:13.728" >
      <step title="Writing multipart request body to /tmp/zipdeploy/be744ed7-dd4a-4ef6-b540-7fcf957feb80.zip" date="2025-11-26T06:08:13.736" /><!-- duration: 3ms -->
    </step><!-- duration: 2642ms -->
    <step title="Start deployment in the background" date="2025-11-26T06:08:16.400" >
      <step title="Acquiring Deployment Lock" date="2025-11-26T06:08:16.448" /><!-- duration: 3ms -->
      <step title="Acquired Deployment Lock" date="2025-11-26T06:08:16.524" /><!-- duration: 9ms -->
    </step><!-- duration: 199ms -->
  </step><!-- duration: 2898ms -->
  <step title="Outgoing response" date="2025-11-26T06:08:16.609" type="response" statusCode="202" statusText="Accepted" /><!-- duration: 4ms -->
</step><!-- duration: 2936ms -->
