<step title="Incoming Request" date="2025-11-14T03:05:08.913" instance="5837db" url="/api/publish?type=zip" method="POST" type="request" pid="833,1,17" Accept="*/*" Host="app-helwa-platform.scm.azurewebsites.net" User-Agent="AZURECLI/2.76.0 (HOMEBREW)" Accept-Encoding="gzip, deflate" Authorization="Bea..." Cache-Control="no-cache" Content-Type="application/octet-stream" Cookie="ARRAffinity=5837dbf0cd93da7124a4888a3302cb855513c4227a93adf2094b4463a5227ab6; ARRAffinitySameSite=5837dbf0cd93da7124a4888a3302cb855513c4227a93adf2094b4463a5227ab6" Content-Length="15681827" x-ms-client-request-id="b37bf008-c106-11f0-ba63-3668d694405d" x-ms-artifact-checksum="6de528e04f37efc79709a5b1b0730f946ee50b12206f58637492284b764fdbbb" X-ARR-LOG-ID="b37bf008-c106-11f0-ba63-3668d694405d" CLIENT-IP="99.24.231.22:63746" X-SITE-DEPLOYMENT-ID="app-helwa-platform" WAS-DEFAULT-HOSTNAME="app-helwa-platform.scm.azurewebsites.net" X-Forwarded-Proto="https" X-AppService-Proto="https" X-Forwarded-TlsVersion="1.3" X-WAWS-Unencoded-URL="/api/publish?type=zip" X-Client-IP="99.24.231.22" X-Client-Port="63746" >
  <step title="OneDeploy" date="2025-11-14T03:05:09.493" >
    <step title="None repository commit" date="2025-11-14T03:05:09.570" >
      <step title="Commit id: 101a8c9e-559e-4cca-803b-4a451d074821" date="2025-11-14T03:05:09.581" Message="N/A" AuthorName="N/A" AuthorEmail="N/A" /><!-- duration: 10ms -->
    </step><!-- duration: 49ms -->
    <step title="Starting PushDeployAsync" date="2025-11-14T03:05:09.632" /><!-- duration: 3ms -->
    <step title="Removing node_modules symlink" date="2025-11-14T03:05:09.664" >
      <step title="Removing _del_node_modules symlink" date="2025-11-14T03:05:09.811" >
        <step title="Writing artifact to /tmp/zipdeploy/6e14a731-2ee8-4012-9b93-33edc8f76400.zip" date="2025-11-14T03:05:09.865" >
          <step title="Writing multipart request body to /tmp/zipdeploy/6e14a731-2ee8-4012-9b93-33edc8f76400.zip" date="2025-11-14T03:05:09.874" /><!-- duration: 3ms -->
        </step><!-- duration: 1110ms -->
        <step title="Attempting to fetch target branch HEAD" date="2025-11-14T03:05:11.019" /><!-- duration: 6ms -->
        <step title="Acquiring Deployment Lock" date="2025-11-14T03:05:11.038" /><!-- duration: 10ms -->
        <step title="Acquired Deployment Lock" date="2025-11-14T03:05:11.537" /><!-- duration: 10ms -->
        <step title="Performing fetch based deployment" date="2025-11-14T03:05:11.594" >
          <step title="Creating temporary deployment" date="2025-11-14T03:05:11.604" /><!-- duration: 717ms -->
          <step title="Releasing Deployment Lock" date="2025-11-14T03:05:13.738" /><!-- duration: 9ms -->
          <step title="Cleaning up temp folders from previous zip deployments and extracting pushed zip file /tmp/zipdeploy/6e14a731-2ee8-4012-9b93-33edc8f76400.zip (14.96 MB) to /tmp/zipdeploy/extracted" date="2025-11-14T03:05:13.829" >
            <step title="ChmodRecursive Process exited with total time taken in ms: 259" date="2025-11-14T03:05:19.328" /><!-- duration: 10ms -->
          </step><!-- duration: 5517ms -->
          <step title="None repository commit" date="2025-11-14T03:05:19.357" >
            <step title="Commit id: 101a8c9e-559e-4cca-803b-4a451d074821" date="2025-11-14T03:05:19.367" Message="OneDeploy" AuthorName="N/A" AuthorEmail="N/A" /><!-- duration: 2ms -->
          </step><!-- duration: 14ms -->
          <step title="Deployment timer started" date="2025-11-14T03:05:21.418" >
            <step title="DeploymentManager.Deploy(id:101a8c9e-559e-4cca-803b-4a451d074821)" date="2025-11-14T03:05:21.423" >
              <step title="Collecting changeset information" date="2025-11-14T03:05:21.446" /><!-- duration: 86ms -->
              <step title="Updating submodules" date="2025-11-14T03:05:21.546" /><!-- duration: 1141ms -->
              <step title="Determining deployment builder" date="2025-11-14T03:05:22.918" >
                <step title="Builder is OneDeployBuilder" date="2025-11-14T03:05:22.937" /><!-- duration: 4ms -->
              </step><!-- duration: 30ms -->
              <step title="PreDeployment: context.CleanOutputPath False" date="2025-11-14T03:05:22.996" >
                <step title="PreDeployment: context.OutputPath /home/site/wwwroot" date="2025-11-14T03:05:23.132" >
                  <step title="Building" date="2025-11-14T03:05:23.263" >
                    <step title="Executing external process" date="2025-11-14T03:05:24.073" type="process" path="starter.sh" arguments="/opt/Kudu/Scripts/absoluteTar.sh /tmp/zipdeploy/extracted/node_modules /tmp/zipdeploy/extracted/node_modules.tar.gz" /><!-- duration: 16943ms -->
                    <step title="Executing external process" date="2025-11-14T03:05:41.482" type="process" path="starter.sh" arguments="/opt/Kudu/Scripts/parallel_rsync.sh /tmp/zipdeploy/extracted /home/site/wwwroot 8 /tmp/ False False node_modules " /><!-- duration: 10812ms -->
                    <step title="Modified file to trigger a restart of the app container." date="2025-11-14T03:05:53.531" /><!-- duration: 28ms -->
                    <step title="Skip function trigger and logicapp sync because function is not enabled." date="2025-11-14T03:05:53.656" /><!-- duration: 16ms -->
                  </step><!-- duration: 32114ms -->
                </step><!-- duration: 32306ms -->
                <step title="Cleaning up temp files" date="2025-11-14T03:05:55.449" /><!-- duration: 83ms -->
                <step title="Cleaning up temp files" date="2025-11-14T03:05:55.549" /><!-- duration: 533ms -->
                <step title="Reloading status file with latest updates" date="2025-11-14T03:05:56.125" >
                  <step title="WebHooksManager.PublishEventAsync: PostDeployment" date="2025-11-14T03:05:56.144" /><!-- duration: 411ms -->
                </step><!-- duration: 442ms -->
                <step title="Cleaning up temporary deployment - fetch deployment was successful" date="2025-11-14T03:05:56.593" /><!-- duration: 3ms -->
              </step><!-- duration: 33710ms -->
            </step><!-- duration: 35369ms -->
            <step title="Outgoing response" date="2025-11-14T03:05:56.887" type="response" statusCode="200" statusText="OK" /><!-- duration: 3ms -->
          </step><!-- duration: 35476ms -->
