﻿<?xml version="1.0" encoding="utf-8"?>
<deployment>
  <id>5022fbf9-4ce6-45d8-91e8-8defc877dbd8</id>
  <author>N/A</author>
  <deployer>OneDeploy</deployer>
  <authorEmail>N/A</authorEmail>
  <message>OneDeploy</message>
  <progress></progress>
  <status>Failed</status>
  <statusText></statusText>
  <lastSuccessEndTime />
  <receivedTime>2025-12-11T18:36:40.6882093Z</receivedTime>
  <startTime>2025-12-11T18:36:42.3165433Z</startTime>
  <endTime>2025-12-11T18:38:49.854441Z</endTime>
  <complete>True</complete>
  <is_temp>False</is_temp>
  <is_readonly>True</is_readonly>
  <buildSummary />
</deployment>