﻿<?xml version="1.0" encoding="utf-8"?>
<deployment>
  <id>e82acf9c-fb52-49b1-8550-56360a0fd2f3</id>
  <author>N/A</author>
  <deployer>OneDeploy</deployer>
  <authorEmail>N/A</authorEmail>
  <message>OneDeploy</message>
  <progress></progress>
  <status>Success</status>
  <statusText></statusText>
  <lastSuccessEndTime>2025-11-14T16:44:19.6144823Z</lastSuccessEndTime>
  <receivedTime>2025-11-14T16:43:55.1506815Z</receivedTime>
  <startTime>2025-11-14T16:43:56.5229414Z</startTime>
  <endTime>2025-11-14T16:44:19.6144823Z</endTime>
  <complete>True</complete>
  <is_temp>False</is_temp>
  <is_readonly>True</is_readonly>
  <buildSummary />
</deployment>